trainer/Policy Loss,exploration/Returns Max,exploration/Returns Min,trainer/QF1 Loss,exploration/Actions Mean,exploration/Rewards Std,trainer/Log Pis Std,evaluation/Returns Std,trainer/Q1 Predictions Mean,exploration/Actions Std,trainer/Q1 Predictions Max,trainer/QF2 Loss,trainer/Log Pis Mean,evaluation/path length Mean,trainer/Q1 Predictions Min,evaluation/Rewards Max,trainer/Q2 Predictions Std,time/logging (s),exploration/path length Max,exploration/Returns Std,trainer/Policy mu Max,Epoch,trainer/Policy log std Max,exploration/Actions Min,evaluation/Rewards Mean,exploration/Actions Max,evaluation/Returns Mean,evaluation/path length Max,exploration/num paths total,time/epoch (s),evaluation/num steps total,trainer/Q Targets Std,exploration/Num Paths,evaluation/Returns Max,time/saving (s),trainer/Q Targets Min,evaluation/Num Paths,trainer/Policy log std Std,evaluation/path length Std,evaluation/Rewards Min,exploration/Rewards Max,exploration/Rewards Min,evaluation/Actions Max,trainer/Alpha Loss,time/exploration sampling (s),trainer/Policy mu Mean,trainer/Policy log std Min,trainer/Q Targets Max,trainer/Policy log std Mean,evaluation/num paths total,time/total (s),trainer/Q Targets Mean,evaluation/Actions Min,trainer/Policy mu Min,time/data storing (s),exploration/num steps total,exploration/Returns Mean,exploration/path length Mean,exploration/Average Returns,exploration/Rewards Mean,trainer/Alpha,time/evaluation sampling (s),trainer/Policy mu Std,evaluation/path length Min,replay_buffer/size,exploration/path length Min,time/training (s),trainer/Q1 Predictions Std,evaluation/Rewards Std,evaluation/Average Returns,trainer/Q2 Predictions Mean,trainer/Q2 Predictions Max,evaluation/Actions Mean,trainer/Log Pis Min,evaluation/Returns Min,exploration/path length Std,evaluation/Actions Std,trainer/Q2 Predictions Min,trainer/Log Pis Max
-1.2668127,-100.0,-100.0,0.99953276,0.038023937,0.0,0.32877734,9.597009508852938,-0.003918792,0.6285163,-0.0029353425,1.0109847,-1.2707397,100.0,-0.004824764,-0.6510283398799236,0.0005879259,0.003602134995162487,100,0.0,0.00072844216,0,0.0015174828,-0.9979453,-0.9680099683038236,0.9956748,-96.80099683038236,100,4,1.346776625025086,1000,0.000723182,2,-68.00996830382354,0.0028595860057976097,-1.0055759,10,0.00073552976,0.0,-1.0,-1.0,-1.0,0.0007652354,-0.0,0.06500561599386856,2.8126255e-05,-0.0006955393,-1.0,0.00023043908,10,1.7120918890286703,-1.0036846,-0.0006203062,-0.0006533116,0.0011522220156621188,400,-100.0,100.0,-100.0,-1.0,0.9997000694274902,0.23476472200127319,0.000364359,100,400,100,1.0393923440133221,0.00041159644,0.09612093952413966,-96.80099683038236,0.0017920207,0.0029581306,5.5943838e-05,-1.8176824,-100.0,0.0,0.0004200464,0.0006129783,-0.53479195
-0.1056899,-100.0,-100.0,0.008410447,-0.04174656,0.0,0.15519546,0.0,-1.2629033,0.5746424,-1.0754522,0.00893207,-1.372247,100.0,-1.5017611,-1.0,0.10911173,0.0033404220012016594,100,0.0,0.003425831,1,-0.12613311,-0.988973,-1.0,0.9671027,-100.0,100,6,1.2682701110024936,2000,0.017712733,2,-100.0,0.0023138689866755158,-1.3104737,10,0.010310046,0.0,-1.0,-1.0,-1.0,0.003617335,-0.20260411500930786,0.07125512600759976,-0.011716891,-0.17069028,-1.2387218,-0.14533031,20,2.9848709070065524,-1.2690938,-0.023612157,-0.024787132,0.0013243299908936024,600,-100.0,100.0,-100.0,-1.0,0.9414066076278687,0.22813160400255583,0.005869422,100,600,100,0.9619047600135673,0.106977396,0.0,-100.0,-1.2583855,-1.0589596,-0.0077257887,-2.3521738,-100.0,0.0,0.005501684,-1.4844645,-1.1017337
0.5257265,-91.17799344812357,-97.38715457304009,0.026303576,-0.015981449,0.15594998043721348,0.1992503,0.1597268580738344,-1.8855929,0.5906321,-1.7833636,0.024220485,-1.3644751,100.0,-2.067929,-0.9023251285744334,0.047596216,0.0033546230115462095,100,3.10458056245826,0.020799417,2,-0.10368459,-0.99417233,-0.9994675771397539,0.9947671,-99.94675771397539,100,8,1.2866926129790954,3000,0.15123217,2,-99.46757713975389,0.00238904298748821,-2.021215,10,0.014529062,0.0,-1.0,-0.16846899272007518,-1.0,0.021888135,-0.4041522145271301,0.0697718899755273,0.005217887,-0.16258042,-1.0,-0.12321127,30,4.275580054993043,-1.8510103,-0.011572298,-0.011261201,0.0011963169963564724,800,-94.28257401058184,100.0,-94.28257401058184,-0.9428257401058185,0.8865447044372559,0.24034362399834208,0.011621192,100,800,100,0.9696371160098352,0.052187085,0.00600987104782932,-99.94675771397539,-1.8807671,-1.8126861,0.005566895,-2.6575613,-100.0,0.0,0.009919425,-2.0793498,-1.0085204
1.2176216,-98.80126176597872,-99.64773664767348,0.033380523,-0.03022721,0.04839525360622517,0.14554751,0.0,-2.5740833,0.6058454,-2.4743106,0.033485238,-1.3665879,100.0,-2.900529,-1.0,0.072878875,0.003493093012366444,100,0.42323744084738024,0.003971544,3,-0.1104162,-0.9927715,-1.0,0.9844967,-100.0,100,10,1.31358285897295,4000,0.19021498,2,-100.0,0.0023497619840782136,-2.805688,10,0.0055684894,0.0,-1.0,-0.5338292449666292,-1.0,0.00409553,-0.6064233779907227,0.06984858700889163,-0.007762219,-0.13392374,-1.0,-0.12006568,40,5.593256456952076,-2.5716171,-0.021254983,-0.022037791,0.0013300319842528552,1000,-99.2244992068261,100.0,-99.2244992068261,-0.992244992068261,0.8349112868309021,0.24731599798542447,0.00942614,100,1000,100,0.9892453869979363,0.06673652,0.0,-100.0,-2.572936,-2.4495568,-0.007375924,-1.6265441,-100.0,0.0,0.0099731935,-2.8934193,-1.019545
2.0860548,-100.0,-100.0,0.05706417,-0.007366668,0.0,0.13488863,8.406579054526969,-3.430991,0.57064754,-3.2189581,0.057925414,-1.3605632,100.0,-3.7168498,-0.14231174315091547,0.0964166,0.003245630010496825,100,0.0,-0.0073503796,4,-0.11807331,-0.97660065,-0.9719780698182435,0.983611,-97.19780698182436,100,12,1.3108293320110533,5000,0.25480062,2,-71.97806981824344,0.0023147750180214643,-3.598583,10,0.00806347,0.0,-1.0,-1.0,-1.0,-0.008165348,-0.8069907426834106,0.06947958099772222,-0.01343529,-0.15055604,-1.0,-0.13260111,50,6.908253558940487,-3.3733523,-0.019575737,-0.020351298,0.0012045869952999055,1200,-100.0,100.0,-100.0,-1.0,0.7862851619720459,0.23937911199755035,0.0034465722,100,1200,100,0.9952056469919626,0.09099852,0.1298200759705937,-97.19780698182436,-3.4370675,-3.2087936,-0.013446065,-1.8318431,-100.0,0.0,0.0033061448,-3.6828032,-1.0714195
2.8686974,-85.75263903556905,-100.0,0.010744184,-0.0029476671,0.18015903467347547,0.17499354,0.0,-4.220668,0.5708647,-3.9731557,0.010034123,-1.3668237,100.0,-4.4448934,-1.0,0.1136302,0.003479439008515328,100,7.123680482215477,-0.00029064226,5,-0.1301742,-0.9780898,-1.0,0.98553395,-100.0,100,14,1.3213562360033393,6000,0.14548044,2,-100.0,0.002433404006296769,-4.4103584,10,0.004979172,0.0,-1.0,-0.19614234062992136,-1.0,-0.0035445504,-1.0105412006378174,0.07047641999088228,-0.013828334,-0.15233107,-3.6126256,-0.13714227,60,8.233658049924998,-4.1901603,-0.032293506,-0.034189537,0.0012566520017571747,1400,-92.87631951778452,100.0,-92.87631951778452,-0.9287631951778453,0.7404870986938477,0.23840233401278965,0.008685678,100,1400,100,1.005307986983098,0.10449539,0.0,-100.0,-4.2111464,-3.9296877,-0.012369291,-2.4191978,-100.0,0.0,0.00678888,-4.430998,-1.0644997
3.6307516,-100.0,-100.0,0.18260811,0.052364245,0.0,0.2121351,0.0,-5.001166,0.58038306,-4.3914075,0.19009857,-1.3908179,100.0,-5.298946,-1.0,0.2012702,0.0033880029805004597,100,0.0,0.029679324,6,-0.12936221,-0.9925858,-1.0,0.97396106,-100.0,100,16,1.3128082960029133,7000,0.42147171,2,-100.0,0.002308423980139196,-5.25527,10,0.0045734425,0.0,-1.0,-1.0,-1.0,0.027199902,-1.2212079763412476,0.07044731901260093,-0.0060092104,-0.15163736,-1.0,-0.1380108,70,9.550709936971543,-4.9684477,-0.024475923,-0.026030464,0.0011869450099766254,1600,-100.0,100.0,-100.0,-1.0,0.6973610520362854,0.2409482270013541,0.015887473,100,1600,100,0.994529378018342,0.18471895,0.0,-100.0,-5.0046372,-4.3433685,-0.0075762826,-3.1569314,-100.0,0.0,0.014791852,-5.312613,-1.1132247
4.472273,-100.0,-100.0,0.19878231,0.027321963,0.0,0.13216567,7.651155017498682,-5.816166,0.60372394,-5.3005137,0.19838114,-1.3622667,100.0,-6.317978,-0.3001294986305133,0.20796438,0.0034653249895200133,100,0.0,0.04689651,7,-0.13226387,-0.98813415,-0.9650110189039575,0.97858185,-96.50110189039574,100,18,1.3216343090170994,8000,0.5189523,2,-75.58777095727311,0.002835303981555626,-6.40963,10,0.0103434175,0.0,-1.0,-1.0,-1.0,0.03831725,-1.412622332572937,0.07022413500817493,0.007981752,-0.18512547,-1.0,-0.14825898,80,10.876407201983966,-5.787866,-0.0328128,-0.04596581,0.0012246000114828348,1800,-100.0,100.0,-100.0,-1.0,0.6567582488059998,0.2423418490216136,0.022462431,100,1800,100,1.0015430960047524,0.19805312,0.12200764610126988,-96.50110189039574,-5.822908,-5.291356,0.00476112,-1.8542303,-100.0,0.0,0.02332787,-6.299148,-1.0920949
5.099753,-98.56296458290677,-100.0,0.36491573,-0.03236323,0.05143077543919386,0.1550023,0.0,-6.481563,0.5868926,-5.904347,0.3638564,-1.3891636,100.0,-6.8662095,-1.0,0.23047183,0.003514092997647822,100,0.7185177085466137,0.03340524,8,-0.1224789,-0.9860178,-1.0,0.98096484,-100.0,100,20,1.345222276984714,9000,0.6203961,2,-100.0,0.0025102679792325944,-6.99051,10,0.020656941,0.0,-1.0,-0.5260138865162833,-1.0,0.030129198,-1.6270943880081177,0.06859884801087901,-0.025745569,-0.21265917,-1.0,-0.15904585,90,12.225618856929941,-6.5455503,-0.11048032,-0.10811301,0.0011795450118370354,2000,-99.28148229145339,100.0,-99.28148229145339,-0.9928148229145338,0.6185436248779297,0.2764976540056523,0.04048038,100,2000,100,0.9929218689794652,0.23442559,0.0,-100.0,-6.483043,-5.901456,-0.030471023,-2.4036002,-100.0,0.0,0.05166825,-6.865066,-1.1059535
6.10973,-100.0,-100.0,0.4387158,0.007738107,0.0,0.15923242,4.751924773751236,-7.4740334,0.58334506,-6.797925,0.44164878,-1.3618034,100.0,-8.02657,-0.3144896758278927,0.27858388,0.0030475380190182477,100,0.0,0.068090655,9,-0.124442354,-0.98731256,-0.9841602507541626,0.97615147,-98.41602507541626,100,22,1.3155417910020333,10000,0.7003125,2,-84.16025075416255,0.0019011260010302067,-7.9281216,10,0.012268202,0.0,-1.0,-1.0,-1.0,0.05975218,-1.815576434135437,0.07203127999673598,0.0141449515,-0.18443438,-1.0,-0.1438834,100,13.545448067918187,-7.423799,-0.09133058,-0.098437466,0.0011963190045207739,2200,-100.0,100.0,-100.0,-1.0,0.5825383067131042,0.24515757299377583,0.04120383,100,2200,100,0.9922079549869522,0.27372834,0.08917697328643505,-98.41602507541626,-7.4696794,-6.758946,0.0071359156,-1.8600185,-100.0,0.0,0.04787067,-7.9985223,-1.0536759
6.8851295,-99.24121337038164,-100.0,0.017729953,0.0031394614,0.03239963219284823,0.1884572,0.875806963145382,-8.22977,0.5738968,-7.6714716,0.017027298,-1.3691077,100.0,-8.756661,-0.7560753861338785,0.28531379,0.0030746780103072524,100,0.37939331480917815,0.08394326,10,-0.14171499,-0.9880308,-0.9969198729139462,0.97468144,-99.69198729139464,100,24,1.3352116140304133,11000,0.27819428,2,-97.06790462895292,0.0024705739924684167,-8.700548,10,0.016664742,0.0,-1.0,-0.6632767337598893,-1.0,0.07180291,-2.021559238433838,0.069429276016308,-0.0030365265,-0.21875933,-7.5252743,-0.17646217,110,14.884622325946111,-8.284917,-0.1339719,-0.15273164,0.0012044110044371337,2400,-99.62060668519082,100.0,-99.62060668519082,-0.9962060668519083,0.548632025718689,0.25806427700445056,0.061357442,100,2400,100,1.000968398002442,0.28158116,0.023666412963760666,-99.69198729139464,-8.228857,-7.6623316,-0.010681496,-2.4582913,-100.0,0.0,0.068339996,-8.785679,-0.9377482
7.605646,-100.0,-100.0,0.60235304,-0.039739337,0.0,0.18024208,2.4436157753620433,-8.925213,0.5630124,-8.300034,0.5863477,-1.3227372,100.0,-9.628305,-0.17491093633416693,0.340739,0.003449317009653896,100,0.0,0.118914716,11,-0.14804266,-0.9852934,-0.9880740466643481,0.96090984,-98.8074046664348,100,26,1.327740128035657,12000,0.86849713,2,-92.84932905536641,0.0018660940113477409,-9.655634,10,0.016614709,0.0,-1.0,-1.0,-1.0,0.109178655,-2.192706346511841,0.07092538301367313,-0.036443815,-0.22407694,-1.0,-0.1855756,120,16.216725058999145,-8.919546,-0.18976122,-0.21403247,0.0012309260200709105,2600,-100.0,100.0,-100.0,-1.0,0.5167437791824341,0.2473771319782827,0.0815521,100,2600,100,1.0028912760026287,0.3396866,0.07942595387426438,-98.8074046664348,-8.927471,-8.327487,-0.027035633,-1.887156,-100.0,0.0,0.084856026,-9.597905,-0.9170569
8.384635,-100.0,-100.0,0.0350162,-0.00405213,0.0,0.36646608,2.6536250166098814,-9.756819,0.5658958,-8.928433,0.032747585,-1.3839829,100.0,-10.427655,-0.16504297798181977,0.39997736,0.0034623550018295646,100,0.0,0.1260149,12,-0.14444828,-0.9859965,-0.9868762538359528,0.975525,-98.68762538359526,100,28,1.3244665500242263,13000,0.39838856,2,-92.56515156424649,0.00225126399891451,-10.420681,10,0.017471192,0.0,-1.0,-1.0,-1.0,0.11616341,-2.435788631439209,0.07070425301208161,-0.005961695,-0.23857395,-8.603545,-0.17632118,130,17.54553685404244,-9.840638,-0.22917038,-0.2242374,0.0012096639839001,2800,-100.0,100.0,-100.0,-1.0,0.4867039918899536,0.24651052101398818,0.079920664,100,2800,100,1.0003284930135123,0.3860974,0.08449115100014175,-98.68762538359526,-9.7799015,-8.948004,-0.015252025,-3.8025012,-100.0,0.0,0.08345719,-10.4661455,-0.9379386
9.1413765,-92.09347491111328,-93.11287511603577,0.8207238,0.04848853,0.18154239829687743,0.19620316,0.0,-10.436205,0.5602859,-9.555535,0.82117647,-1.2994728,100.0,-11.235411,-1.0,0.45114002,0.0035294809786137193,100,0.5097001024612453,0.17145525,13,-0.13724995,-0.9750967,-1.0,0.9678426,-100.0,100,30,1.3253259099728893,14000,1.0228351,2,-100.0,0.002074115996947512,-11.221665,10,0.022065759,0.0,-1.0,-0.13485834476215217,-1.0,0.1370764,-2.5723884105682373,0.07014472800074145,-0.0004940677,-0.24330686,-1.0,-0.1746585,140,18.875043072010158,-10.446263,-0.2005601,-0.20321316,0.0013077909825369716,3000,-92.60317501357451,100.0,-92.60317501357451,-0.9260317501357451,0.458435982465744,0.24669606299721636,0.10444496,100,3000,100,1.0015737310168333,0.45307854,0.0,-100.0,-10.4592705,-9.597372,-0.011718472,-1.959222,-100.0,0.0,0.101686224,-11.289879,-0.7590381
9.838196,-84.8341235216358,-99.91837568467261,0.08947072,-0.006803155,0.18306736113339275,0.23827833,0.3945525100766171,-11.123,0.558046,-10.272097,0.08701832,-1.3233086,100.0,-11.804507,-0.8809209598002123,0.43804324,0.003409263998037204,100,7.542126081518404,0.19732074,14,-0.13609493,-0.9949796,-0.9974993333928326,0.97379977,-99.74993333928326,100,32,1.3266584459342994,15000,0.4118787,2,-98.9139672207018,0.0024250119749922305,-12.153453,10,0.025292028,0.0,-1.0,-0.11367813436217293,-1.0,0.17197718,-2.7897400856018066,0.06949399498989806,0.004205984,-0.24825673,-10.32562,-0.1762822,150,20.205726373998914,-11.342103,-0.23331901,-0.3179,0.0013085879909340292,3200,-92.3762496031542,100.0,-92.3762496031542,-0.923762496031542,0.4318203032016754,0.2509995619766414,0.123708025,100,3200,100,0.9990220250037964,0.4167264,0.01416826194139596,-99.74993333928326,-11.136894,-10.26212,-0.018040428,-1.7837358,-100.0,0.0,0.13348357,-11.82508,-0.56306887
10.540317,-98.31225207440235,-100.0,1.0544422,0.002120005,0.06785295008871005,0.260921,1.5729283390584115,-11.86077,0.57387424,-10.822125,1.0530615,-1.3239948,100.0,-12.93893,-0.17303391451396996,0.49801493,0.0034272920165676624,100,0.8438739627988241,0.27283698,15,-0.15621082,-0.98246145,-0.994756905536472,0.9842141,-99.4756905536472,100,34,1.3336179730249569,16000,1.1900941,2,-94.75690553647196,0.0023608740011695772,-12.871645,10,0.031552255,0.0,-1.0,-0.12149724426255701,-1.0,0.24098346,-2.988844871520996,0.07023085397668183,0.0053598215,-0.31273144,-1.0,-0.21085942,160,21.542874482955085,-11.975736,-0.3227089,-0.38476652,0.0013255200174171478,3400,-99.15612603720118,100.0,-99.15612603720118,-0.9915612603720118,0.40678444504737854,0.259862653008895,0.14650087,100,3400,100,0.9964107800042257,0.4995252,0.05601227618702845,-99.4756905536472,-11.869784,-10.854785,-0.037899196,-2.572334,-100.0,0.0,0.17623925,-12.843804,-0.7132154
11.410016,-98.00541286335071,-100.0,0.05452068,0.03656822,0.06777985442977802,0.32093573,1.1357304888768862,-12.740636,0.572183,-11.778745,0.051041633,-1.3358055,100.0,-13.928549,-0.6009505014889872,0.6229431,0.003617984999436885,100,0.9972935683246433,0.26709986,16,-0.12365987,-0.97286516,-0.9929582891166359,0.99361694,-99.29582891166359,100,36,1.3492680409399327,17000,0.571907,2,-96.77573152427264,0.0023287549847736955,-13.705226,10,0.046882696,0.0,-1.0,-0.3583642244621842,-1.0,0.23891146,-3.198096990585327,0.07025478998548351,0.020352619,-0.32920697,-11.700454,-0.2049555,170,22.896152254979825,-12.721602,-0.43342754,-0.4061416,0.0012281239905860275,3600,-99.00270643167536,100.0,-99.00270643167536,-0.9900270643167537,0.3832697868347168,0.2561473319947254,0.1360624,100,3600,100,1.0156910549849272,0.62288743,0.042251190151196646,-99.29582891166359,-12.74337,-11.727298,0.033392686,-3.136073,-100.0,0.0,0.1360352,-13.897987,-0.780687
11.940205,-81.81195678857074,-100.0,0.078678384,-0.009036621,0.2002615082721107,0.2919324,1.034424210111733,-13.289654,0.5667799,-12.34923,0.08780109,-1.3613541,100.0,-14.560415,-0.526646834012064,0.56892836,0.0033805819984991103,100,9.09402160571463,0.31672657,17,-0.15218876,-0.9528832,-0.9965519192996276,0.9595382,-99.65519192996275,100,38,1.3443861980049405,18000,0.5599577,2,-96.55191929962756,0.00236312800552696,-14.723755,10,0.043851104,0.0,-1.0,-0.12588840681021238,-1.0,0.30937934,-3.4227850437164307,0.07488705799914896,0.026885033,-0.3414865,-12.094908,-0.22056484,180,24.244470839912537,-13.46122,-0.2051304,-0.48409688,0.00118664899491705,3800,-90.90597839428537,100.0,-90.90597839428537,-0.9090597839428538,0.3611093759536743,0.25079780400847085,0.1701571,100,3800,100,1.0117709769983776,0.5684045,0.03555021489353623,-99.65519192996275,-13.274735,-12.358432,0.06089932,-2.4895754,-100.0,0.0,0.16098495,-14.633674,-0.7397108
12.606776,-98.63797069871755,-100.0,0.103146575,0.021497507,0.057981700670681896,0.35757813,1.4311042190742715,-13.893688,0.57443935,-12.594481,0.11504565,-1.2385486,100.0,-15.490416,-0.09476444467720868,0.6711056,0.0039114880200941116,100,0.6810146506412238,0.49670938,18,-0.17131808,-0.97623163,-0.9902597520071712,0.99675417,-99.02597520071711,100,40,1.3535357380460482,19000,0.58347404,2,-95.57478387107957,0.002780865994282067,-15.3260765,10,0.049432117,0.0,-1.0,-0.3451235166362992,-1.0,0.45385224,-3.4898877143859863,0.07116096501704305,0.07008484,-0.39271182,-12.759323,-0.264761,190,25.602279201964848,-14.067262,-0.47190613,-0.49811965,0.001342431001830846,4000,-99.31898534935877,100.0,-99.31898534935877,-0.9931898534935877,0.34030798077583313,0.2500490150123369,0.21118753,100,4000,100,1.0242909730004612,0.67315096,0.06916131956148516,-99.02597520071711,-13.868356,-12.4894495,0.036217157,-2.1514459,-100.0,0.0,0.17842424,-15.368164,-0.52510786
13.232977,-96.32152430942554,-97.57235906363074,1.7299093,0.069854416,0.1226557530824516,0.5461094,1.635905887035094,-14.587815,0.5606821,-13.481374,1.7171649,-1.3462318,100.0,-15.935298,-0.21132971810171602,0.6008496,0.0036582409811671823,100,0.6254173771026004,0.47234264,19,-0.16403465,-0.97273093,-0.9884909035341273,0.97023326,-98.84909035341272,100,42,1.3436542489507701,20000,1.5105693,2,-96.00875296287052,0.002488984988303855,-16.147326,10,0.04289802,0.0,-1.0,-0.12429382293206018,-1.0,0.41152412,-3.8037798404693604,0.07434702198952436,0.042835094,-0.36169532,-1.0,-0.24723989,200,26.950442924862728,-14.685648,-0.46066338,-0.5207739,0.0011912359914276749,4200,-96.94694168652813,100.0,-96.94694168652813,-0.9694694168652813,0.32076945900917053,0.25117695701192133,0.20078029,100,4200,100,1.0107918079884257,0.594961,0.07762611455883361,-98.84909035341272,-14.566853,-13.455188,0.02770419,-4.092605,-100.0,0.0,0.16994256,-15.886978,-0.6370722
13.977484,-100.0,-100.0,1.9937638,0.0671512,0.0,0.3868805,0.7202086423153644,-15.267442,0.5482844,-13.706317,1.9918745,-1.3103502,100.0,-17.032564,-0.7016522597053126,0.7277006,0.0029659350111614913,100,0.0,0.38150394,20,-0.15528753,-0.95330465,-0.9975993045256155,0.9905198,-99.75993045256155,100,44,1.3456945570360404,21000,1.6070894,2,-97.59930452561545,0.0026000300131272525,-16.89375,10,0.058604967,0.0,-1.0,-1.0,-1.0,0.33698225,-3.9590718746185303,0.0713528820197098,0.029372687,-0.41426393,-1.0,-0.26018006,210,28.30059656998492,-15.455317,-0.4016309,-0.59213674,0.0012180169869679958,4400,-100.0,100.0,-100.0,-1.0,0.30232131481170654,0.2518355160136707,0.20457019,100,4400,100,1.015722176991403,0.7547838,0.023829821224851472,-99.75993045256155,-15.283381,-13.758716,0.019847289,-3.249559,-100.0,0.0,0.13247444,-16.966253,-0.635764
14.632732,-90.1176576023585,-93.98403065634254,0.078749135,0.028491039,0.19514997976075998,0.3395403,1.16485281870552,-15.92375,0.5316045,-14.436507,0.07861464,-1.264552,100.0,-17.919668,-0.7253596955429766,0.8069256,0.0038862320070620626,100,1.9331865269920172,0.4638067,21,-0.16347757,-0.97097516,-0.9943474824774219,0.96764815,-99.43474824774219,100,46,1.3632358700269833,22000,0.7294243,2,-96.54587216189597,0.002276286017149687,-17.580214,10,0.082655184,0.0,-1.0,-0.17839032825408893,-1.0,0.40897548,-4.09718132019043,0.07612732501002029,0.056508847,-0.5060605,-14.775431,-0.30362797,220,29.668262773979222,-16.062883,-0.3315638,-0.55286914,0.0012028079945594072,4600,-92.05084412935052,100.0,-92.05084412935052,-0.9205084412935051,0.28497689962387085,0.25059461398632266,0.17895666,100,4600,100,1.0291486050118692,0.7915457,0.03485900403684245,-99.43474824774219,-15.919951,-14.503371,0.0012494383,-2.1392217,-100.0,0.0,0.07044803,-17.768845,-0.34786785
15.44244,-91.14752159278832,-100.0,0.066716336,0.02613294,0.15129734551923874,0.4283052,2.5280754561125254,-16.661491,0.5387041,-15.262164,0.07405374,-1.1785599,100.0,-18.278116,-0.09068050011512836,0.75422835,0.0036338679783511907,100,4.426239203605839,0.49638134,22,-0.16006298,-0.9544102,-0.9830999509643938,0.97619396,-98.30999509643938,100,48,1.3730134679644834,23000,0.68701565,2,-93.94709179362468,0.002448328013997525,-18.425575,10,0.082731016,0.0,-1.0,-0.16559204116649362,-1.0,0.47225022,-4.176754951477051,0.06939729698933661,0.113420345,-0.50689787,-15.432522,-0.3054386,230,31.045450055942638,-16.648874,-0.46540415,-0.6075924,0.0014401410007849336,4800,-95.57376079639417,100.0,-95.57376079639417,-0.9557376079639416,0.2686530351638794,0.24869003100320697,0.20835868,100,4800,100,1.0474038029788062,0.72838795,0.09698988358645393,-98.30999509643938,-16.64239,-15.175643,0.0909257,-2.7410781,-100.0,0.0,0.17078602,-18.171015,-0.21664304
15.78326,-99.00456951104462,-100.0,2.6840098,0.04887145,0.04927347974471434,0.4789297,1.2519240625707222,-17.010056,0.5211618,-15.701169,2.6888082,-1.1823025,100.0,-18.65909,-0.17709833110293643,0.7869618,0.0035762579936999828,100,0.4977152444776891,0.62197423,23,-0.15186745,-0.96632415,-0.9922941446510859,0.9896415,-99.22941446510859,100,50,1.3449378149816766,24000,1.7644246,2,-96.82760096333969,0.0025909139949362725,-18.801231,10,0.08011707,0.0,-1.0,-0.3377228272397216,-1.0,0.4817112,-4.368432998657227,0.07216324799810536,0.033443794,-0.5292524,-1.0,-0.32958993,240,32.394316909922054,-16.959871,-0.5609598,-0.7657339,0.0012637960026040673,5000,-99.50228475552231,100.0,-99.50228475552231,-0.9950228475552231,0.25334081053733826,0.25025526600074954,0.26271975,100,5000,100,1.0150883329915814,0.7672156,0.0634512796218862,-99.22941446510859,-16.99965,-15.761935,0.023025539,-2.690802,-100.0,0.0,0.18653463,-18.717365,0.12344223
16.59082,-92.81325168711143,-97.17839405689521,2.533015,0.098952144,0.16564236714504765,0.5528016,0.9646323929840673,-17.740595,0.52537817,-16.103409,2.5029902,-1.0758876,100.0,-19.760849,-0.2575890076120604,0.894699,0.003540894977049902,100,2.1825711848918914,0.6501025,24,-0.1787293,-0.9705634,-0.995176862690631,0.9661091,-99.51768626906309,100,52,1.358163465949474,25000,1.8684024,2,-97.5815344644746,0.0022628639999311417,-19.609848,10,0.108568564,0.0,-1.0,-0.06149824552694809,-1.0,0.5479578,-4.402332782745361,0.07177056500222534,0.062402505,-0.6240919,-0.9529505,-0.36105555,250,33.756733806832926,-17.578924,-0.63156974,-0.77757126,0.001184995984658599,5200,-94.99582287200332,100.0,-94.99582287200332,-0.9499582287200332,0.23894323408603668,0.24615978499059565,0.3068265,100,5200,100,1.0332443609950133,0.89359635,0.05131359678918195,-99.51768626906309,-17.727245,-16.10444,0.08429175,-3.5418386,-100.0,0.0,0.16375719,-19.753508,0.02330485
16.836512,-100.0,-100.0,4.9628005,0.04728835,0.0,0.5760281,0.2538041078839626,-17.919954,0.5343943,-16.34807,5.003474,-1.0401436,100.0,-19.712698,-0.6225748550250859,0.843175,0.0034536819730419666,100,0.0,0.6962217,25,-0.17977767,-0.9585714,-0.9991539863070534,0.9815754,-99.91539863070534,100,54,1.3577218389546033,26000,2.5353112,2,-99.15398630705346,0.0021045570028945804,-19.941008,10,0.117703184,0.0,-1.0,-1.0,-1.0,0.6005093,-4.528681755065918,0.06952229101443663,0.065970704,-0.66721684,-1.0,-0.36952233,260,35.118876762804575,-17.892302,-0.7086438,-0.9441471,0.001145621994510293,5400,-100.0,100.0,-100.0,-1.0,0.22539126873016357,0.25288814498344436,0.35087526,100,5400,100,1.0286075419862755,0.87365866,0.015939157944132393,-99.91539863070534,-17.933582,-16.461176,0.04100228,-3.139885,-100.0,0.0,0.235665,-19.792389,0.21149054
17.348734,-89.44875820244727,-100.0,2.803151,0.019456815,0.15618497645065205,0.55428535,0.053546161020410286,-18.519014,0.5355432,-16.710644,2.785681,-1.1389549,100.0,-20.460798,-0.9171393467861992,0.9965158,0.003695699997479096,100,5.275620898776367,0.68574333,26,-0.13564421,-0.9616025,-0.9997325696062365,0.98294455,-99.97325696062366,100,56,1.345169940002961,27000,1.958799,2,-99.8606143799935,0.0023793750151526183,-20.608944,10,0.11837758,0.0,-1.0,-0.19454699314671736,-1.0,0.5845796,-4.857882499694824,0.07094856799812987,0.10475666,-0.6959897,-1.0,-0.38855407,270,36.46841527582728,-18.576317,-0.67506474,-0.8105979,0.001263168000150472,5600,-94.72437910122363,100.0,-94.72437910122363,-0.9472437910122364,0.21269401907920837,0.24434298599953763,0.291958,100,5600,100,1.0225401429925114,1.0000081,0.004087404078236674,-99.97325696062366,-18.56177,-16.859737,0.07463359,-2.826365,-100.0,0.0,0.16963445,-20.6464,-0.09778118
17.944326,-100.0,-100.0,3.0898883,0.028826501,0.0,0.65666926,1.2791142482879576,-19.047186,0.5071974,-17.331284,3.0549984,-1.0320569,100.0,-20.729187,-0.11542561293190749,0.8369083,0.003613401990151033,100,0.0,0.799628,27,-0.16302888,-0.98146445,-0.9946096208843305,0.9801363,-99.46096208843306,100,58,1.3652184720267542,28000,2.0191154,2,-95.76551550657389,0.002144612022675574,-21.226755,10,0.11039133,0.0,-1.0,-1.0,-1.0,0.67041373,-4.868534088134766,0.08303216498461552,0.05926239,-0.75084007,-1.0,-0.39837793,280,37.83811136279837,-19.181225,-0.64116085,-0.79559493,0.0012142030172981322,5800,-100.0,100.0,-100.0,-1.0,0.20069313049316406,0.2526528520102147,0.31618103,100,5800,100,1.0225612380017992,0.82084715,0.05557786825167595,-99.46096208843306,-19.000422,-17.282154,0.019780483,-3.8307335,-100.0,0.0,0.16861181,-20.778896,0.18497056
18.389858,-96.81657028339816,-98.0954813222748,6.5285125,0.047180578,0.10812746022590117,0.7520925,1.0384350424620492,-19.599686,0.51378816,-17.832222,6.5603,-1.1500884,100.0,-22.002064,-0.26914706284559775,0.92941827,0.003581327007850632,100,0.6394555194383145,0.9814934,28,-0.16417357,-0.9627477,-0.9948992100766612,0.97480804,-99.48992100766611,100,60,1.3554546540253796,29000,2.770324,2,-97.01587111222057,0.00237811598344706,-21.964071,10,0.10903904,0.0,-1.0,-0.2548995284070666,-1.0,0.7609617,-5.2400994300842285,0.07179412301047705,0.124788135,-0.72894895,-1.0,-0.42661017,290,39.197886750800535,-19.471125,-0.28445485,-0.7980022,0.0012085720081813633,6000,-97.45602580283648,100.0,-97.45602580283648,-0.9745602580283648,0.18942487239837646,0.24728922799113207,0.36140987,100,6000,100,1.0292032880242914,0.9436081,0.050041022231745245,-99.48992100766611,-19.588715,-17.877012,0.06169898,-3.953648,-100.0,0.0,0.13273823,-21.942732,0.30282784
19.156963,-100.0,-100.0,0.10825484,0.06238927,0.0,0.5861161,5.770811443141973,-20.238228,0.48361441,-18.332644,0.10782608,-1.0276593,100.0,-22.352547,-0.04650780247603938,0.94327736,0.0037914669956080616,100,0.0,0.9611744,29,-0.15934716,-0.95006824,-0.9712275855696387,0.9765671,-97.12275855696387,100,62,1.3505737879895605,30000,0.91786605,2,-84.38489785920048,0.0025835410051513463,-22.367506,10,0.12557933,0.0,-1.0,-1.0,-1.0,0.6834636,-5.210087299346924,0.07119552098447457,0.051612463,-0.811835,-18.734858,-0.45718443,300,40.552747385780094,-20.366081,-0.6653494,-0.72998613,0.0012427929905243218,6200,-100.0,100.0,-100.0,-1.0,0.1788666546344757,0.24886173600680195,0.34348926,100,6200,100,1.0228987300070003,0.9286716,0.10801076874826038,-97.12275855696387,-20.249283,-18.398506,0.0147917215,-2.9032824,-100.0,0.0,0.14436173,-22.590145,0.017978698
19.86995,-100.0,-100.0,0.084906444,0.09779417,0.0,0.97453606,0.7887663646797873,-20.933872,0.48020482,-19.082241,0.09534218,-0.9461924,100.0,-23.171173,-0.10309494334312064,0.9251865,0.0025695509975776076,100,0.0,0.9680292,30,-0.1664435,-0.8946044,-0.9962017422752467,0.95249903,-99.62017422752467,100,64,1.3731283029774204,31000,0.9169088,2,-97.62609799019269,0.010565983975538984,-23.085613,10,0.15262787,0.0,-1.0,-1.0,-1.0,0.69320804,-5.238359451293945,0.0719192519900389,0.083590105,-0.88436097,-19.203773,-0.47013986,310,41.930089844739996,-20.912334,-0.755332,-1.1608583,0.0011868840083479881,6400,-100.0,100.0,-100.0,-1.0,0.16892680525779724,0.2462484760035295,0.46832222,100,6400,100,1.0406381560023874,0.92000926,0.0486630310485072,-99.62017422752467,-20.952253,-19.094156,0.027736846,-5.250254,-100.0,0.0,0.21327001,-23.203787,0.93620265
19.850384,-100.0,-100.0,0.19324191,0.03375361,0.0,0.8234196,0.6877332325107176,-20.974815,0.5081784,-18.85739,0.21382876,-1.0733612,100.0,-22.99537,-0.3296598255258668,0.9696257,0.0037179000210016966,100,0.0,0.92699075,31,-0.19412728,-0.9510118,-0.9967598148164252,0.9385584,-99.67598148164252,100,66,1.3619954530149698,32000,0.74972,2,-97.86500451374934,0.0025389239890500903,-23.00106,10,0.12282759,0.0,-1.0,-1.0,-1.0,0.60851824,-5.639379501342773,0.06929216900607571,0.043944445,-0.83630455,-19.742825,-0.45831615,320,43.29590252682101,-21.17524,-0.74442667,-1.0600735,0.001347886020084843,6600,-100.0,100.0,-100.0,-1.0,0.1595800817012787,0.24405834599747322,0.41017753,100,6600,100,1.0410402279812843,0.9585471,0.039471049275672306,-99.67598148164252,-20.95656,-18.848427,0.009823031,-5.1059847,-100.0,0.0,0.12369392,-23.023624,0.71938396
20.99116,-99.1272873651439,-100.0,4.117467,0.07778367,0.03391264657773004,0.62924564,1.560767089710866,-21.882746,0.46061534,-20.163845,4.0904927,-0.7857053,100.0,-24.616436,-0.14531693523523148,1.0072834,0.003367447992786765,100,0.43635631742805003,1.1452789,32,-0.16512963,-0.8641984,-0.9922283366156441,0.96124214,-99.22283366156441,100,68,1.3564081659715157,33000,2.282045,2,-95.79759416220169,0.0024111059901770204,-24.088781,10,0.18390681,0.0,-1.0,-0.6589924155835615,-1.0,0.76468617,-5.270544528961182,0.07039189100032672,0.16927487,-1.0106888,-1.0,-0.502362,330,44.65677012177184,-21.602972,-0.6441425,-0.95873666,0.0012160600163042545,6800,-99.56364368257195,100.0,-99.56364368257195,-0.9956364368257195,0.15072788298130035,0.24644621898187324,0.3950495,100,6800,100,1.0325754419900477,0.9956334,0.06408851812754826,-99.22283366156441,-21.872002,-20.146019,0.13292624,-2.8334808,-100.0,0.0,0.20481281,-24.615356,0.27234483
20.632307,-100.0,-100.0,4.53564,-0.006304054,0.0,0.72370386,1.3968055475717343,-21.628496,0.48966336,-19.979765,4.5551405,-0.92131776,100.0,-24.045101,-0.1144583695657337,1.051361,0.0037884619960095733,100,0.0,1.1359184,33,-0.19378768,-0.9714103,-0.9931578727422439,0.9820074,-99.31578727422439,100,70,1.3528032259782776,34000,2.2690032,2,-95.95252787311928,0.0024288469867315143,-24.57396,10,0.18529147,0.0,-1.0,-1.0,-1.0,0.7857584,-5.691394805908203,0.07193184498464689,0.11025412,-0.9851962,-1.0,-0.5733258,340,46.01385009376099,-21.775154,-0.8095802,-1.0563128,0.0012732819886878133,7000,-100.0,100.0,-100.0,-1.0,0.14248651266098022,0.24452967502293177,0.40988287,100,7000,100,1.02885111499927,1.0582962,0.06089306439777266,-99.31578727422439,-21.572144,-19.989336,0.008966797,-3.5816004,-100.0,0.0,0.11877366,-24.043455,0.37773114
21.266315,-100.0,-100.0,8.5512495,-0.011261186,0.0,0.83340806,0.12906462575806332,-22.210058,0.53199124,-20.69382,8.59763,-0.85481805,100.0,-24.650463,-0.7906769176210651,0.91318446,0.003630414983490482,100,0.0,0.99488413,34,-0.14732057,-0.94870883,-0.9995697845808065,0.95157444,-99.95697845808066,100,72,1.3462244849652052,35000,3.144976,2,-99.56978458080646,0.0025385390035808086,-25.06306,10,0.14727569,0.0,-1.0,-1.0,-1.0,0.7682089,-5.7216925621032715,0.07242150299134664,0.04910159,-0.8925672,-1.0,-0.54722816,350,47.36449740472017,-22.108702,-0.50229985,-1.2253438,0.0015094359987415373,7200,-100.0,100.0,-100.0,-1.0,0.13472694158554077,0.24687548098154366,0.4784816,100,7200,100,1.019249111006502,0.90667653,0.009003271470639108,-99.95697845808066,-22.201061,-20.784718,0.021215145,-3.3351617,-100.0,0.0,0.258808,-24.543306,0.9418876
21.905737,-100.0,-100.0,0.1782958,0.0064160437,0.0,0.77214855,1.0486300463546143,-22.738258,0.4502434,-20.936506,0.17728797,-0.779198,100.0,-25.107033,-0.10530546688840099,1.05377,0.003638513997429982,100,0.0,1.0034416,35,-0.20505938,-0.953219,-0.9965045665121514,0.9063046,-99.65045665121514,100,74,1.3427715239813551,36000,0.8500423,2,-96.50456651215129,0.0024891509965527803,-25.016405,10,0.17530252,0.0,-1.0,-1.0,-1.0,0.750314,-5.726503372192383,0.06921047897776589,0.04036612,-1.0080601,-21.520033,-0.59813774,360,48.711698324710596,-22.951387,-0.76626676,-1.0818468,0.0011846800043713301,7400,-100.0,100.0,-100.0,-1.0,0.1273556500673294,0.24516978100291453,0.43122828,100,7400,100,1.0210789190023206,1.0405581,0.04603640792660264,-99.65045665121514,-22.765928,-21.052044,0.014142252,-3.0387177,-100.0,0.0,0.32943004,-25.313194,0.7615389
22.320679,-100.0,-100.0,0.16340123,0.13698521,0.0,0.757258,10.102183231425705,-23.100279,0.48406482,-22.008904,0.16062637,-0.70360917,100.0,-25.04804,-0.49113424385587123,0.7816435,0.0035398030013311654,100,0.0,1.3763483,36,-0.21983667,-0.96660894,-0.9351090888645297,0.97354496,-93.51090888645297,100,76,1.3478734540112782,37000,0.8365021,2,-75.52709249609876,0.002410243992926553,-25.313599,10,0.19896679,0.0,-1.0,-1.0,-1.0,0.86464494,-5.723705291748047,0.07210781599860638,0.13652997,-1.0513388,-21.904583,-0.63236123,370,50.06398489777348,-23.191895,-0.6960867,-1.0518628,0.0012162250059191138,7600,-100.0,100.0,-100.0,-1.0,0.12035083770751953,0.23985456000082195,0.4638166,100,7600,100,1.028744806011673,0.7751138,0.10851200992493104,-93.51090888645297,-23.09901,-21.985119,0.012798959,-3.3121037,-100.0,0.0,0.111859046,-25.097733,1.4718282
22.910019,-88.90374973469889,-92.72044263722096,0.3829038,0.0069470047,0.21133687067698534,0.96939373,14.785617606432558,-23.69151,0.41102248,-20.952642,0.39623702,-0.63197327,100.0,-26.738798,-0.09575356937156479,1.2508495,0.0038447430124506354,100,1.908346451261032,1.1966275,37,-0.20602205,-0.8662447,-0.8892010060616247,0.9289355,-88.92010060616246,100,78,1.3527711080096196,38000,0.93668747,2,-65.96703670692064,0.0025810140068642795,-26.273785,10,0.20211425,0.0,-1.0,-0.08602599353783971,-1.0,0.75384355,-5.718378067016602,0.07056714600184932,0.09858698,-1.0998446,-22.486616,-0.66665107,380,51.42112157578231,-23.94702,-0.82365346,-1.127103,0.0012108439987059683,7800,-90.81209618595992,100.0,-90.81209618595992,-0.9081209618595993,0.11384299397468567,0.24157073299284093,0.47165254,100,7800,100,1.0329966279969085,1.2481163,0.16411021925088065,-88.92010060616246,-23.674536,-20.999224,0.002143263,-4.3516,-100.0,0.0,0.12775554,-26.60831,1.0794662
22.73639,-100.0,-100.0,0.15883557,0.024874108,0.0,0.805885,0.6657640453880209,-23.640203,0.41637826,-22.218533,0.15803853,-0.8290192,100.0,-26.375404,-0.4419186489617063,0.8535063,0.0037199459911789745,100,0.0,1.241818,38,-0.25280514,-0.95729387,-0.9969300385473489,0.94661474,-99.69300385473488,100,80,1.345107410044875,39000,0.73870677,2,-97.88945332914298,0.002540538989705965,-26.345875,10,0.1896007,0.0,-1.0,-1.0,-1.0,0.8483604,-6.304678916931152,0.07028491099481471,0.1107098,-1.0769364,-22.855267,-0.6803496,390,52.77082085382426,-23.95316,-0.60206354,-0.77587557,0.0013191870239097625,8000,-100.0,100.0,-100.0,-1.0,0.10765135288238525,0.24354701102129184,0.44405645,100,8000,100,1.0236958160239737,0.8454478,0.03275311569279427,-99.69300385473488,-23.64313,-22.277107,-0.007342049,-3.7504978,-100.0,0.0,0.12140855,-26.250992,0.6445222
23.629484,-100.0,-100.0,5.514714,-0.047488198,0.0,0.894531,0.6112653420600793,-24.264175,0.48306584,-22.789911,5.5811324,-0.53273374,100.0,-26.28147,-0.2513873476874423,0.8622759,0.0035548110026866198,100,0.0,1.2640457,39,-0.17921883,-0.9086719,-0.9979624488597997,0.94998044,-99.79624488597997,100,82,1.350923532008892,40000,2.4843237,2,-97.96244885979974,0.002462405012920499,-26.800152,10,0.1863724,0.0,-1.0,-1.0,-1.0,0.81546897,-5.784879684448242,0.07161407999228686,0.1160071,-1.0963492,-1.0,-0.6644965,400,54.12628707190743,-24.368095,-0.7560674,-1.3310444,0.0011632899986580014,8200,-100.0,100.0,-100.0,-1.0,0.10184328258037567,0.24272565299179405,0.5390443,100,8200,100,1.029403293010546,0.8535532,0.0343750984493785,-99.79624488597997,-24.314995,-23.061092,0.000525584,-4.488353,-100.0,0.0,0.22382425,-26.374023,1.2789174
24.091042,-97.72644450565221,-100.0,0.15139167,-0.08391517,0.08149721112580383,0.99096286,0.880983535072467,-24.735703,0.46398324,-23.21633,0.15869287,-0.47882608,100.0,-27.241385,-0.3428323753143771,0.97455627,0.0036283629888202995,100,1.1367777471738947,1.1900206,40,-0.17265172,-0.9239169,-0.9944241353568309,0.9465272,-99.44241353568307,100,84,1.3564293830131646,41000,0.87683207,2,-97.68802782777082,0.0020514290081337094,-27.439478,10,0.20335178,0.0,-1.0,-0.1260060577021826,-1.0,0.8205507,-5.797921180725098,0.07179977401392534,0.06343271,-1.1720353,-23.716228,-0.7018542,410,55.48707828193437,-25.00071,-0.8711855,-1.4522555,0.0012021379952784628,8400,-98.8632222528261,100.0,-98.8632222528261,-0.9886322225282611,0.09639960527420044,0.24454364099074155,0.58943623,100,8400,100,1.0332040380162653,0.9824475,0.04902708137584608,-99.44241353568307,-24.73672,-23.27108,-0.061379746,-2.9172618,-100.0,0.0,0.23581907,-27.162453,1.4472445
25.035677,-100.0,-100.0,0.102430545,0.02455845,0.0,1.0706358,0.0,-25.42022,0.46412688,-24.19388,0.09757669,-0.22211947,100.0,-27.132084,-1.0,0.8910327,0.003394240979105234,100,0.0,1.2926127,41,-0.20640138,-0.84058094,-1.0,0.9885118,-100.0,100,86,1.3517346479929984,42000,0.85177547,2,-100.0,0.0024414199870079756,-27.190802,10,0.22759157,0.0,-1.0,-1.0,-1.0,0.8699362,-5.318015098571777,0.07106361602200195,0.15762787,-1.2431211,-23.94481,-0.7580544,420,56.84325515292585,-25.314018,-0.5435862,-1.401293,0.001263169018784538,8600,-100.0,100.0,-100.0,-1.0,0.09131166338920593,0.24383865800336935,0.6293745,100,8600,100,1.0297335439827293,0.8595546,0.0,-100.0,-25.415543,-24.02726,0.032109234,-3.1043382,-100.0,0.0,0.3084532,-27.246265,2.2018993
24.89413,-99.33018067555479,-100.0,11.680089,0.09412744,0.03241180307336862,0.9800697,0.003466585023035407,-25.328768,0.45489964,-24.146393,11.752418,-0.31553468,100.0,-27.677183,-0.9884447165898772,0.9488134,0.0038161780103109777,100,0.3349096622226071,1.4034656,42,-0.18019791,-0.8447702,-0.9999884447165898,0.9714098,-99.99884447165898,100,88,1.3572647150140256,43000,3.5558107,2,-99.98844471658988,0.002617327991174534,-27.812584,10,0.22663307,0.0,-1.0,-0.567109283490777,-1.0,0.86190194,-5.664421558380127,0.07407234900165349,0.20557936,-1.1913282,-1.0,-0.76560533,430,58.20488694697269,-25.103462,-0.8734671,-1.5184559,0.001212586008477956,8800,-99.6650903377774,100.0,-99.6650903377774,-0.996650903377774,0.08659419417381287,0.2457462839956861,0.55447555,100,8800,100,1.0297999900067225,0.9559715,0.00036522739507541176,-99.99884447165898,-25.321892,-24.211098,0.059098847,-3.686604,-100.0,0.0,0.3004252,-27.836372,2.0390599
25.068148,-65.15216008424808,-100.0,5.8613796,-0.0033954263,0.25829345095793993,0.8567433,26.32092392403894,-25.554543,0.35241902,-24.331495,5.657573,-0.40884742,100.0,-28.167652,-0.04652613094174067,0.97095054,0.00374972602003254,100,17.42391995787596,1.4736534,43,-0.19115357,-0.86348027,-0.7874634064088559,0.97604054,-78.74634064088559,100,90,1.341849053016631,44000,2.6106706,2,-42.35742195362039,0.002445042977342382,-28.23264,10,0.25135982,0.0,-1.0,-0.08676292830981071,-1.0,0.9029576,-6.025462627410889,0.07143916600034572,-0.0006660032,-1.2555045,-1.0,-0.8101122,440,59.55099522494129,-25.58189,-0.8439438,-1.2655879,0.0012291590101085603,9000,-82.57608004212403,100.0,-82.57608004212403,-0.8257608004212403,0.08194827288389206,0.23485557301319204,0.49867183,100,9000,100,1.0281303859956097,0.95047224,0.2772395167587506,-78.74634064088559,-25.587194,-24.42277,0.0008330865,-3.2710807,-100.0,0.0,0.11355114,-28.312193,1.9593992
25.633574,-100.0,-100.0,6.895235,-0.028702686,0.0,0.87050444,11.62362265368398,-26.024607,0.3783009,-24.55447,6.9228067,-0.2509432,100.0,-28.180387,-0.5552082790037893,1.0482167,0.003754461999051273,100,0.0,1.3633518,44,-0.29118097,-0.89804476,-0.9612545911543867,0.82642645,-96.12545911543867,100,92,1.3416450759978034,45000,2.652597,2,-61.25459115438673,0.0025131220172625035,-28.132978,10,0.24283724,0.0,-1.0,-1.0,-1.0,0.9041924,-5.7534661293029785,0.07011857198085636,0.08470454,-1.294943,-1.0,-0.85778886,450,60.89682314492529,-25.983461,-0.69228655,-1.1862408,0.0012409919872879982,9200,-100.0,100.0,-100.0,-1.0,0.07759154587984085,0.23899568599881604,0.5266924,100,9200,100,1.0250222420145292,1.0117807,0.12361802113728462,-96.12545911543867,-25.976831,-24.40952,0.018626865,-2.5976238,-100.0,0.0,0.11940724,-28.352688,2.2375786
26.030893,-100.0,-100.0,0.15321907,0.017737271,0.0,1.0521114,8.763979857032714,-26.264858,0.38760278,-24.964674,0.18466151,-0.054126054,100.0,-29.243734,-0.3674534803464096,1.0293498,0.0035418150073383003,100,0.0,1.6820296,45,-0.4784594,-0.9405018,-0.9427824714369261,0.9408629,-94.2782471436926,100,94,1.3399099050147925,46000,0.84589964,2,-80.06828010874462,0.00243281401344575,-28.949093,10,0.24330291,0.0,-1.0,-1.0,-1.0,0.9158242,-5.3614654541015625,0.07170287999906577,0.1145104,-1.3476694,-25.375015,-0.9320279,460,62.240778093982954,-26.459206,-0.85828817,-1.3143235,0.001331737992586568,9400,-100.0,100.0,-100.0,-1.0,0.07350857555866241,0.2422660040028859,0.5681598,100,9400,100,1.0186346539994702,1.0288469,0.09847350115796893,-94.2782471436926,-26.196775,-24.884598,-0.010286733,-4.7043686,-100.0,0.0,0.12593746,-29.166956,2.8815365
26.26636,-97.16074282591475,-99.18472490797947,0.17112346,0.035821136,0.08621910191548941,0.9019327,0.7062455596843886,-26.646286,0.32572728,-25.284399,0.15596703,-0.29474217,100.0,-29.521057,-0.342711110198021,1.0121212,0.0036643529892899096,100,1.0119910410323598,1.462306,46,-0.24061845,-0.7438025,-0.9951536086095905,0.91565835,-99.51536086095905,100,96,1.3578670870047063,47000,0.8977132,2,-97.84437253052599,0.0023998840188141912,-29.501972,10,0.26452085,0.0,-1.0,-0.46410658247670317,-1.0,0.81396544,-6.1128339767456055,0.07165675499709323,0.03596433,-1.4002451,-25.896767,-0.87812346,470,63.60284045600565,-26.97168,-0.8801696,-1.6430466,0.0012046530027873814,9600,-98.17273386694711,100.0,-98.17273386694711,-0.9817273386694712,0.06966129690408707,0.2507366809877567,0.5941575,100,9600,100,1.0282047610089649,1.0067786,0.04492983889845494,-99.51536086095905,-26.682222,-25.327545,0.0027387084,-3.028384,-100.0,0.0,0.19189337,-29.557255,1.2947888
26.830284,-96.83134248384218,-99.52049757722277,13.232526,0.034584153,0.06490089472614959,0.91853863,2.214934692856455,-27.09661,0.2994991,-25.810823,13.333349,-0.16656227,100.0,-29.001532,-0.09938425124385106,0.7891436,0.003505194006720558,100,1.3445775466902958,1.5882063,47,-0.27933162,-0.7453965,-0.9778541097216007,0.94185907,-97.78541097216007,100,98,1.3464761459617876,48000,3.7379704,2,-95.48853452740862,0.0022753779776394367,-29.08867,10,0.30553448,0.0,-1.0,-0.39368824549625214,-1.0,0.91006136,-5.887921333312988,0.07104526099283248,0.08142193,-1.4561262,-1.0,-0.9570326,480,64.95347903197398,-26.637985,-0.78690416,-1.1770103,0.0012886849872302264,9800,-98.17592003053247,100.0,-98.17592003053247,-0.9817592003053247,0.06601287424564362,0.23732177499914542,0.53131425,100,9800,100,1.0310398529982194,0.7618066,0.10956971017969987,-97.78541097216007,-27.090046,-25.894638,-0.019133132,-3.7028565,-100.0,0.0,0.14126341,-29.07252,2.5839436
26.193222,-76.41605765426215,-100.0,7.094538,0.010539961,0.1986174813477004,0.9787049,0.0,-26.612537,0.36308855,-25.464584,7.2639365,-0.29515934,100.0,-29.070972,-1.0,0.73575425,0.0036588179937098175,100,11.791971172868926,1.476888,48,-0.2519257,-0.897765,-1.0,0.87007636,-100.0,100,100,1.358878659986658,49000,2.750838,2,-100.0,0.0025587060081306845,-30.444874,10,0.27699414,0.0,-1.0,-0.11201058408593315,-1.0,0.9060192,-6.3624653816223145,0.0708328979962971,0.018305922,-1.5040575,-1.0,-0.908687,490,66.31631459697383,-27.242752,-0.8029365,-1.2845607,0.0012624200026039034,10000,-88.20802882713107,100.0,-88.20802882713107,-0.8820802882713107,0.06251160800457001,0.2462382449884899,0.5144157,100,10000,100,1.0343275729974266,0.75925356,0.0,-100.0,-26.565584,-25.473263,-0.004040268,-5.455844,-100.0,0.0,0.20282494,-28.899359,1.8147463
27.439045,-100.0,-100.0,7.929288,-0.010789386,0.0,0.95007414,2.8287866766913012,-27.741917,0.32323596,-26.638403,7.8582497,-0.16462061,100.0,-29.74988,-0.22047976360012508,0.82118607,0.003206519002560526,100,0.0,1.443965,49,-0.26417732,-0.8077141,-0.9905707110776957,0.89813286,-99.05707110776957,100,102,1.3643248939770274,50000,2.7584422,2,-90.57071107769566,0.0021803599956911057,-29.60026,10,0.26203936,0.0,-1.0,-1.0,-1.0,0.87167335,-6.118755340576172,0.06904748600209132,-0.033722978,-1.5544521,-1.0,-0.9981967,500,67.68512292593368,-27.479189,-0.92681676,-1.6683893,0.0011744229996111244,10200,-100.0,100.0,-100.0,-1.0,0.05919160321354866,0.2391103469999507,0.54358315,100,10200,100,1.0496057589771226,0.82033825,0.05572964480428467,-99.05707110776957,-27.691582,-26.582233,-0.014446171,-3.3046312,-100.0,0.0,0.14591442,-29.84203,1.6886526
27.260334,-90.78476422105723,-92.09700186028871,13.330469,0.0085747335,0.1823252753308004,1.2338287,0.0,-27.511219,0.3557998,-26.449156,13.3303,-0.082066946,100.0,-30.152695,-1.0,0.87271035,0.003217359015252441,100,0.6561188196157417,1.4267293,50,-0.5167876,-0.84900844,-1.0,0.9239861,-100.0,100,104,1.3470030680473428,51000,3.8553338,2,-100.0,0.002606311987619847,-30.339643,10,0.24735677,0.0,-1.0,-0.04474436529720664,-1.0,0.8946176,-5.993857383728027,0.06935612301458605,0.032175165,-1.6206485,-1.0,-1.0247062,510,69.03642280894564,-27.410473,-0.7766915,-1.6544794,0.0012435520184226334,10400,-91.44088304067297,100.0,-91.44088304067297,-0.9144088304067296,0.056187473237514496,0.2452297240088228,0.59553325,100,10400,100,1.025349998002639,0.88233876,0.0,-100.0,-27.471521,-26.337177,-0.06400647,-5.0941634,-100.0,0.0,0.23872025,-30.11658,2.839338
27.768957,-100.0,-100.0,0.46214134,0.044565324,0.0,0.9947042,0.6588319029853278,-27.735445,0.36743483,-26.227375,0.4882726,0.21986353,100.0,-30.579931,-0.15099710347558587,0.8265543,0.003524777013808489,100,0.0,1.6746128,51,-0.28930947,-0.68741834,-0.9962473780703927,0.97916424,-99.62473780703927,100,106,1.3595050139992964,52000,0.75057805,2,-98.12194588974711,0.0024680329952389,-30.493866,10,0.23599507,0.0,-1.0,-1.0,-1.0,0.9310519,-5.219956874847412,0.07137969401082955,0.21413946,-1.6475358,-27.198246,-1.0476348,520,70.40018832398346,-28.283762,-0.8929675,-1.7776812,0.0012022570008412004,10600,-100.0,100.0,-100.0,-1.0,0.05325891822576523,0.25130152897327207,0.5776663,100,10600,100,1.0296287240053061,0.8304633,0.04462258931650121,-99.62473780703927,-27.697552,-26.174894,0.049313564,-5.0618434,-100.0,0.0,0.25933683,-30.684935,2.4988742
27.905464,-96.69454581082081,-100.0,21.364058,0.0012451374,0.09049442401518694,1.0907737,0.5838425841722505,-28.14054,0.31485105,-26.684917,21.30526,-0.07574729,100.0,-30.023497,-0.42056364085561926,0.78383505,0.002728593011852354,100,1.6527270945895935,1.431446,52,-0.50329375,-0.7148993,-0.9971219331206833,0.79262197,-99.71219331206834,100,108,1.358934826013865,53000,4.7299685,2,-98.34254718597035,0.013494379993062466,-30.08086,10,0.24600859,0.0,-1.0,-0.1376735159627929,-1.0,0.85054255,-6.193603992462158,0.07057038901257329,-0.021408252,-1.7485026,-1.0,-1.0839306,530,71.763188729994,-27.645714,-0.90733325,-1.9099793,0.0011925029975827783,10800,-98.3472729054104,100.0,-98.3472729054104,-0.9834727290541041,0.05058693140745163,0.2393280690012034,0.56547713,100,10800,100,1.0316208919975907,0.7755644,0.033269760611693615,-99.71219331206834,-28.111929,-26.65243,-0.030294266,-4.555046,-100.0,0.0,0.14113419,-30.034725,2.0649652
28.49346,-78.87991509187822,-100.0,7.2982116,0.02725799,0.19226997794196282,0.91620505,8.130215245145267,-28.660975,0.32616645,-27.390594,7.349901,-0.06266758,100.0,-31.37038,-0.08845578521069684,0.7281177,0.002914560987846926,100,10.560042454060891,1.6095891,53,-0.56080645,-0.839788,-0.9336744469432304,0.94560736,-93.36744469432304,100,110,1.3290697199990973,54000,2.8491411,2,-82.80702503648277,0.0026931120082736015,-31.386932,10,0.25989223,0.0,-1.0,-0.08162204931087172,-1.0,0.9093861,-6.264522552490234,0.0698228600085713,0.02672993,-1.6355247,-1.0,-1.0759529,540,73.0957853619766,-28.477839,-0.8544573,-1.5199233,0.0011830540024675429,11000,-89.43995754593911,100.0,-89.43995754593911,-0.8943995754593911,0.04796024411916733,0.2332478140015155,0.50375104,100,11000,100,1.0192083189904224,0.7036929,0.09993464036169873,-93.36744469432304,-28.640491,-27.302658,0.006988372,-3.4453645,-100.0,0.0,0.10737236,-31.424429,1.9128265
29.124893,-90.76568717916489,-100.0,0.08463197,0.03792782,0.12651084895926476,1.0349517,0.09841730666574865,-28.973772,0.31064153,-27.791203,0.08989122,0.29831567,100.0,-31.1353,-0.8854266695596898,0.8962261,0.0032883939857129008,100,4.617156410417557,1.8151999,54,-0.33086386,-0.71060586,-0.9996539550890161,0.8725805,-99.96539550890161,100,112,1.3368748149950989,55000,0.7953438,2,-99.67051536002525,0.00213926998549141,-31.254972,10,0.30216777,0.0,-1.0,-0.2792977484248151,-1.0,0.94422483,-5.259261608123779,0.07313296501524746,0.19979401,-1.7660382,-28.09525,-1.107099,550,74.43717147197458,-29.084969,-0.8909937,-1.0958427,0.0012290090089663863,11200,-95.38284358958245,100.0,-95.38284358958245,-0.9538284358958243,0.04546182602643967,0.23787626400007866,0.5769116,100,11200,100,1.019208912999602,0.90117556,0.00561316486933829,-99.96539550890161,-28.959274,-27.779343,0.012854206,-3.1628962,-100.0,0.0,0.10615219,-31.230667,2.3590126
29.084963,-91.22733759615619,-100.0,0.30227146,0.0049938606,0.11045876015657875,1.0143187,0.6224269495445072,-28.863968,0.2963409,-27.577354,0.31265134,0.34124893,100.0,-31.83294,-0.2104476942244971,0.9025729,0.003518478013575077,100,4.386331201921905,1.8106303,55,-0.39947703,-0.92671084,-0.9979252435015182,0.8002567,-99.79252435015182,100,114,1.3450878000294324,56000,0.7511319,2,-97.92524350151831,0.0026198370032943785,-31.895515,10,0.28702387,0.0,-1.0,-0.47021597210261623,-1.0,0.9496299,-5.212891101837158,0.07097466601408087,0.15353157,-1.6882248,-28.33602,-1.1366386,560,75.78655450901715,-29.32979,-0.6556846,-1.7264886,0.001228954002726823,11400,-95.6136687980781,100.0,-95.6136687980781,-0.956136687980781,0.04315675050020218,0.24220817399327643,0.5826288,100,11400,100,1.0245376910024788,0.8909987,0.03328019629829627,-99.79252435015182,-28.861109,-27.63275,-0.000513953,-3.6381946,-100.0,0.0,0.10631578,-32.207363,2.975781
29.195398,-77.35483683457005,-100.0,23.879944,0.01565904,0.1790315866638825,1.0010295,9.015793657274498,-29.201912,0.3649456,-28.057543,23.976913,0.09068704,100.0,-30.985422,-0.16487583661138713,0.79381573,0.003591604996472597,100,11.322581582714975,1.9384344,56,-0.42439073,-0.8198012,-0.9264663616782872,0.9497328,-92.64663616782872,100,116,1.3394173480337486,57000,4.925905,2,-80.76495819210353,0.0024072010128293186,-31.507898,10,0.33182728,0.0,-1.0,-0.3072378786299178,-1.0,0.9421838,-6.101221084594727,0.07040095500997268,-0.065875456,-1.8382821,-0.88544554,-1.0957897,570,77.13028436803143,-28.683723,-0.9185451,-1.6964569,0.0011891690082848072,11600,-88.67741841728503,100.0,-88.67741841728503,-0.8867741841728503,0.040935322642326355,0.2350879870064091,0.5868817,100,11600,100,1.02674043099978,0.7712074,0.09610749303253234,-92.64663616782872,-29.25137,-28.07802,-0.005481654,-3.1951666,-100.0,0.0,0.09562101,-31.439877,3.1153393
29.883318,-61.40089724524354,-100.0,16.934402,-0.015125539,0.2597062370412231,1.1838579,22.34402255794825,-29.711912,0.28248265,-28.457165,17.017197,0.31393346,100.0,-31.77212,-0.21985438460937906,0.8498167,0.003531060996465385,100,19.29955137737823,1.7588869,57,-0.38968277,-0.7461896,-0.7273836975245395,0.76790446,-72.73836975245393,100,118,1.3290918730199337,58000,4.0930896,2,-52.3081415763967,0.002342755993595347,-32.034767,10,0.28645927,0.0,-1.0,-0.09244012869112804,-1.0,0.9212435,-5.474472522735596,0.06946542201330885,0.09180058,-1.693365,-1.0,-1.2186524,580,78.4637410940777,-29.217136,-0.9478726,-1.425398,0.0012741980026476085,11800,-80.70044862262176,100.0,-80.70044862262176,-0.8070044862262175,0.03888514265418053,0.23642744301469065,0.57250446,100,11800,100,1.0160509929992259,0.84446967,0.2375256898295755,-72.73836975245393,-29.715788,-28.461613,0.011042625,-3.639329,-100.0,0.0,0.11715107,-31.92399,3.5889916
30.080652,-49.72622251589945,-100.0,8.398764,0.003765086,0.28971800244762286,1.0930208,25.434787749329228,-29.929808,0.3071736,-28.74326,8.327101,0.2950194,100.0,-33.241444,-0.04294036146629111,0.84501016,0.0032266310008708388,100,25.136888742050274,2.1137729,58,-0.35377693,-0.89647025,-0.834042690674315,0.9320216,-83.4042690674315,100,120,1.3335617410484701,59000,2.9905732,2,-40.487272110321726,0.0020426020200829953,-32.699993,10,0.31066558,0.0,-1.0,-0.055242504199298735,-1.0,0.9535439,-5.62186336517334,0.06983952299924567,0.084260285,-1.8101577,-1.0,-1.172451,590,79.80163572612219,-29.856256,-0.92866665,-1.4110898,0.0011872200120706111,12000,-74.86311125794973,100.0,-74.86311125794973,-0.7486311125794974,0.03697263076901436,0.24013292900053784,0.6408803,100,12000,100,1.0171328360156622,0.8722198,0.275478272978245,-83.4042690674315,-29.942896,-28.829119,0.024584392,-4.242594,-100.0,0.0,0.13902636,-32.981472,2.5381863
30.526094,-76.20812019539875,-100.0,0.09869897,0.00044814288,0.1816368797688485,1.2212759,10.34736119278306,-30.20922,0.34920925,-28.883595,0.08022498,0.50315344,100.0,-32.514717,-0.5362538816256286,0.8294003,0.0027902949950657785,100,11.895939902300626,1.9226965,59,-0.36849073,-0.9544182,-0.9324555069500228,0.8368479,-93.24555069500227,100,122,1.3285985040129162,60000,0.7358177,2,-76.14762919863242,0.0024692010192666203,-31.962812,10,0.3810044,0.0,-1.0,-0.12181324556941223,-1.0,0.96369123,-5.010308742523193,0.06967985900701024,-0.09341999,-2.0127482,-29.34402,-1.1485153,600,81.13463557109935,-30.2719,-0.94804215,-2.085132,0.0011954009823966771,12200,-88.10406009769937,100.0,-88.10406009769937,-0.8810406009769938,0.035173170268535614,0.2362279710068833,0.73179793,100,12200,100,1.0162357770022936,0.8318896,0.11013768455105029,-93.24555069500227,-30.254189,-28.960255,-0.0072997245,-3.2306755,-100.0,0.0,0.12446079,-32.55561,3.5845842
30.226128,-100.0,-100.0,0.2357933,0.018869719,0.0,1.2713745,20.858679662705992,-30.06653,0.33045942,-28.594944,0.27830803,0.31413662,100.0,-32.184708,-0.15418051824587542,0.84667027,0.0032036949996836483,100,0.0,1.9501776,60,-0.32670748,-0.93061197,-0.8299036985695183,0.9920322,-82.99036985695183,100,124,1.3313875580206513,61000,0.79526454,2,-55.52926278455517,0.0023694300034549087,-32.384872,10,0.34452522,0.0,-1.0,-1.0,-1.0,0.9680582,-5.729295253753662,0.06973193900194019,0.10372278,-1.9235457,-29.461792,-1.1622384,610,82.46962565710419,-30.44272,-0.80725586,-1.5164691,0.0012283380201552063,12400,-100.0,100.0,-100.0,-1.0,0.03341679647564888,0.24076023700763471,0.6460981,100,12400,100,1.0140939189877827,0.8596749,0.2157362446347545,-82.99036985695183,-29.989168,-28.640852,0.0067830062,-4.479291,-100.0,0.0,0.11508842,-31.853909,2.694269
30.511415,-39.56468854443454,-100.0,0.3559769,0.0026698308,0.3389554256410153,1.3980434,32.60729008933317,-30.08209,0.3059744,-28.61663,0.37815017,0.6055235,100.0,-32.905632,-0.16180662978402968,0.89691705,0.003499176003970206,100,30.21765572778273,1.6633525,61,-0.4884839,-0.9404795,-0.8369636406632666,0.8946145,-83.69636406632665,100,126,1.3289300870383158,62000,0.7280364,2,-18.404737944986444,0.0024708300188649446,-33.041134,10,0.34800974,0.0,-1.0,-0.017056715943709687,-1.0,0.94223076,-4.808188438415527,0.06902643298963085,-0.102059424,-2.010091,-29.698488,-1.2957419,620,83.80319852611865,-30.579182,-0.8088783,-2.205351,0.0012407700123731047,12600,-69.78234427221727,100.0,-69.78234427221727,-0.6978234427221726,0.03180073946714401,0.23934651899617165,0.63933414,100,12600,100,1.013346359017305,0.8708108,0.32632759915670545,-83.69636406632665,-30.066856,-28.678335,0.008751659,-6.2972746,-100.0,0.0,0.17691256,-33.036907,3.5500774
30.555412,-100.0,-100.0,0.25508547,0.05135112,0.0,1.1324081,27.58380358369968,-30.327402,0.36435688,-29.026985,0.27984047,0.3612162,100.0,-32.606033,-0.13360515120132507,0.8960417,0.003739849984413013,100,0.0,2.0051866,62,-0.38275596,-0.9562157,-0.8194338959103009,0.9491084,-81.94338959103008,100,128,1.3326836449850816,63000,0.78469986,2,-39.21897003029253,0.0023222710005939007,-33.060966,10,0.35242477,0.0,-1.0,-1.0,-1.0,0.9017221,-5.734547138214111,0.07081698998808861,0.060314227,-2.099136,-29.743423,-1.318565,630,85.14052966810414,-30.730488,-0.34335795,-1.6323633,0.0011849570146296173,12800,-100.0,100.0,-100.0,-1.0,0.03021138906478882,0.2467157320061233,0.6077767,100,12800,100,1.0079038449912332,0.8954009,0.2804212163929324,-81.94338959103008,-30.2939,-28.974483,0.09617636,-3.2104387,-100.0,0.0,0.28395098,-32.65949,3.053781
31.141895,-68.6532001667385,-100.0,8.337988,0.019293962,0.22089970835133715,1.1586322,0.0,-30.504051,0.26546872,-29.232065,8.319837,0.80526453,100.0,-32.896065,-1.0,0.8391784,0.003556918993126601,100,15.67339991663075,1.7661742,63,-0.5674269,-0.63953686,-1.0,0.9853743,-100.0,100,130,1.3307641779538244,64000,3.0693326,2,-100.0,0.0025760190037544817,-33.153435,10,0.34631875,0.0,-1.0,-0.185318224811383,-1.0,0.9370718,-4.237441062927246,0.07032772299135104,0.06436213,-2.0831535,-1.0,-1.4184973,640,86.47532875012257,-30.664406,-0.8974966,-1.9274098,0.0013517709739971906,13000,-84.32660008336924,100.0,-84.32660008336924,-0.8432660008336925,0.028811268508434296,0.24080895297811367,0.6354774,100,13000,100,1.0121427930134814,0.8436699,0.0,-100.0,-30.522696,-29.350563,0.048428625,-2.814633,-100.0,0.0,0.23102796,-33.108807,4.1227393
31.285707,-70.30964629051941,-100.0,0.36769196,0.0011881852,0.1957967320590664,1.0908856,16.21982227327913,-30.688452,0.26186627,-29.491741,0.38390982,0.70230603,100.0,-32.460934,-0.43117710987936225,0.7528422,0.0031185510160867125,100,14.845176854740295,1.8146935,64,-0.55449355,-0.95216763,-0.8676411700624719,0.90159065,-86.7641170062472,100,132,1.3275694559852127,65000,0.69548327,2,-65.52079765642657,0.0024583489866927266,-32.866478,10,0.34607938,0.0,-1.0,-0.2871409503120181,-1.0,0.9632122,-4.668248653411865,0.06892919199890457,0.13489069,-2.0077157,-30.117422,-1.3849247,650,87.8069838451338,-31.161602,-0.9134908,-1.5838678,0.0012532389955595136,13200,-85.15482314525971,100.0,-85.15482314525971,-0.851548231452597,0.027389679104089737,0.2402217759808991,0.62007827,100,13200,100,1.01158834900707,0.74381596,0.1641442726079125,-86.7641170062472,-30.71962,-29.390938,-0.0042410945,-3.1219018,-100.0,0.0,0.12111858,-32.324562,3.0584123
31.354553,-75.67653798765504,-100.0,0.26850936,0.020771375,0.1617952408567428,1.0181657,0.0,-30.892633,0.30530787,-29.713758,0.27692038,0.5759966,100.0,-33.36097,-1.0,0.8421581,0.003182779997587204,100,12.16173100617248,2.0752602,65,-0.34567252,-0.810401,-1.0,0.97693247,-100.0,100,134,1.322610828006873,66000,0.7629822,2,-100.0,0.002065715001663193,-33.36059,10,0.39905325,0.0,-1.0,-0.39295838112882864,-1.0,0.9863606,-5.192386627197266,0.07088079699315131,0.05072653,-1.9394838,-30.320864,-1.2785196,660,89.1335740351642,-31.34565,-0.9592828,-1.948082,0.0012630319979507476,13400,-87.83826899382751,100.0,-87.83826899382751,-0.878382689938275,0.026079468429088593,0.2341182160016615,0.62856084,100,13400,100,1.011100288014859,0.8443919,0.0,-100.0,-30.878197,-29.80243,-0.006981472,-3.628965,-100.0,0.0,0.12643988,-33.404053,3.5008078
32.03752,-65.92786508718335,-100.0,27.513514,0.018253746,0.20527149764902453,1.0807228,14.821858548922538,-31.437716,0.29260015,-30.325104,27.71372,0.74166113,100.0,-34.110416,-0.10138720570502943,0.8162389,0.0037001270102337003,100,17.036067456408325,2.317962,66,-0.5284013,-0.6734106,-0.9259813717153436,0.92405915,-92.59813717153435,100,136,1.3325486170360819,67000,5.308127,2,-61.35178757134932,0.0025774480018299073,-33.840015,10,0.41881928,0.0,-1.0,-0.01805485627264142,-1.0,0.9740768,-4.65196418762207,0.06968230300117284,0.012159372,-2.1934474,-0.6667838,-1.3744317,670,90.47008439418278,-30.775824,-0.9073633,-1.6387659,0.0011888349836226553,13600,-82.96393254359168,100.0,-82.96393254359168,-0.8296393254359168,0.024794036522507668,0.24469012202462181,0.6729765,100,13600,100,1.010709782014601,0.8284253,0.15469422374569386,-92.59813717153435,-31.470936,-30.246075,0.0012330306,-4.2663116,-100.0,0.0,0.10892692,-34.11146,4.02838
32.54332,-100.0,-100.0,0.09369749,0.01210154,0.0,1.244852,0.3108913314875636,-31.896397,0.22911346,-30.431616,0.07976289,0.78945494,100.0,-33.86375,-0.5686576247116586,0.8467105,0.0035070890153292567,100,0.0,1.9676267,67,-0.41698354,-0.55125606,-0.9989636955617082,0.93731695,-99.89636955617081,100,138,1.360428842017427,68000,0.7276101,2,-98.96369556170812,0.002398809010628611,-33.804718,10,0.38302356,0.0,-1.0,-1.0,-1.0,0.9532747,-4.536505222320557,0.06920337400515564,0.03663107,-2.1668909,-30.837746,-1.3667874,680,91.83461896519293,-32.042267,-0.9440921,-1.8863643,0.001190899987705052,13800,-100.0,100.0,-100.0,-1.0,0.02357061207294464,0.24088407299132086,0.6801752,100,13800,100,1.0432445970072877,0.8522698,0.017753205548064054,-99.89636955617081,-31.920862,-30.487164,0.027238214,-3.1110885,-100.0,0.0,0.27712265,-33.91233,4.4818125
32.22844,-77.46844751498898,-100.0,18.33553,-0.018319307,0.170836839915062,1.1580094,8.155886252234934,-31.509205,0.2575331,-30.093565,18.295885,0.8507317,100.0,-33.51012,-0.46052377021006236,0.80790496,0.003570027998648584,100,11.26577624250551,2.0170517,68,-0.5303799,-0.94512594,-0.9592205722477561,0.6255476,-95.92205722477563,100,140,1.3350706909550354,69000,4.3970413,2,-79.60272061793303,0.002349391987081617,-33.985947,10,0.37399313,0.0,-1.0,-0.08888359272004617,-1.0,0.9612244,-4.358792304992676,0.07061631698161364,0.07266521,-2.0966165,-1.0,-1.3928152,690,93.17396935613942,-31.365921,-0.87323153,-2.018424,0.001317165995715186,14000,-88.73422375749449,100.0,-88.73422375749449,-0.8873422375749449,0.02252945303916931,0.24159695699927397,0.6775389,100,14000,100,1.0156208309927024,0.80927885,0.08746685481825175,-95.92205722477563,-31.482882,-30.105076,0.02753114,-2.0783021,-100.0,0.0,0.24361333,-33.599464,4.2167373
32.615265,-100.0,-100.0,0.19264942,-0.03360601,0.0,1.1785704,16.063728742533247,-31.941692,0.32054093,-30.350195,0.15324917,0.764059,100.0,-34.40697,-0.22393393865120478,0.8343935,0.0035661259898915887,100,0.0,1.7361528,69,-0.44021153,-0.89782494,-0.9464542375248892,0.8799646,-94.64542375248892,100,142,1.3229010159848258,70000,0.76994926,2,-46.45423752488917,0.0023230799997691065,-34.69475,10,0.3977256,0.0,-1.0,-1.0,-1.0,0.8576377,-4.747952461242676,0.07096576798358001,-0.15261468,-2.397894,-31.119736,-1.4228435,700,94.50080690311734,-32.293076,-0.9634282,-1.9921234,0.0012341059918981045,14200,-100.0,100.0,-100.0,-1.0,0.021454811096191406,0.23539947302197106,0.5662004,100,14200,100,1.009412462997716,0.84156466,0.16576692284607808,-94.64542375248892,-31.979925,-30.476137,-0.014281762,-3.9019346,-100.0,0.0,0.093162365,-34.362926,4.4221783
33.258965,-100.0,-100.0,0.11706551,0.030027239,0.0,0.97057486,0.6473125661220508,-32.563576,0.26346806,-30.968283,0.094746985,0.8415824,100.0,-35.175938,-0.1979570045952789,0.86938745,0.003473329998087138,100,0.0,2.3368378,70,-0.47392127,-0.89196193,-0.9940136320909448,0.9964754,-99.40136320909448,100,144,1.3373831799835898,71000,0.7591393,2,-98.13405338375198,0.00232531302026473,-34.415806,10,0.3814787,0.0,-1.0,-1.0,-1.0,0.98819387,-4.508482456207275,0.07199182998738252,0.16378285,-2.0740356,-31.095959,-1.5003756,710,95.84200402512215,-32.353622,-0.9649862,-1.2460341,0.001157246995717287,14400,-100.0,100.0,-100.0,-1.0,0.020401183515787125,0.25287541799480096,0.56934804,100,14400,100,1.0055600419873372,0.8893924,0.047312874554696974,-99.40136320909448,-32.55243,-30.974989,0.0017466879,-3.3052583,-100.0,0.0,0.15732746,-35.09787,2.9079301
33.434437,-100.0,-100.0,0.2702377,0.042667888,0.0,1.5002785,2.3406453623831767,-32.3696,0.26901764,-30.29099,0.26025352,1.185185,100.0,-34.864395,-0.5348988574105676,0.9352689,0.003443464986048639,100,0.0,2.3991165,71,-0.6516898,-0.82398546,-0.9921978487920561,0.9979207,-99.2197848792056,100,146,1.333867549954448,72000,0.7653858,2,-92.19784879205608,0.0022537790064234287,-34.68036,10,0.41574177,0.0,-1.0,-1.0,-1.0,0.98850137,-3.2075917720794678,0.07038478998583741,0.12679508,-2.2823787,-31.342787,-1.586633,720,97.17993420010316,-32.707897,-0.8390408,-2.0465312,0.0012515989947132766,14600,-100.0,100.0,-100.0,-1.0,0.019510669633746147,0.2456856159842573,0.7024703,100,14600,100,1.0108483009971678,0.9055421,0.03092241241284145,-99.2197848792056,-32.404285,-30.402475,-0.035820223,-4.873823,-100.0,0.0,0.20201442,-34.973217,4.929148
33.58478,-100.0,-100.0,0.21504064,0.006914216,0.0,1.3350573,0.5841402309986495,-32.704384,0.25014386,-30.656876,0.22856104,1.0743968,100.0,-34.919056,-0.3550181404404721,1.0177665,0.0033997659920714796,100,0.0,1.8369652,72,-0.5786068,-0.97532916,-0.9965497919129743,0.9647723,-99.65497919129743,100,148,1.3360808370052837,73000,0.8297085,2,-98.19995491136919,0.0024129450030159205,-35.123913,10,0.42410168,0.0,-1.0,-1.0,-1.0,0.9437061,-3.6827707290649414,0.07518948701908812,0.06475501,-2.2441874,-31.210793,-1.448497,730,98.5200576640782,-33.031925,-0.96831846,-2.2743306,0.001315110013820231,14800,-100.0,100.0,-100.0,-1.0,0.018704185262322426,0.2469026559847407,0.7899256,100,14800,100,1.0068608729925472,1.0048501,0.035546560540565944,-99.65497919129743,-32.681202,-30.753885,0.00059393304,-2.5842884,-100.0,0.0,0.113807455,-34.927223,4.938732
33.471535,-100.0,-100.0,0.18995444,0.01635958,0.0,1.2387774,0.6096802148701487,-32.672585,0.22547908,-31.11725,0.16834073,0.9755832,100.0,-35.666065,-0.34056770733509295,0.938733,0.003576419985620305,100,0.0,2.2273693,73,-0.6409819,-0.80714804,-0.9973820690485843,0.8814558,-99.73820690485843,100,150,1.3202793009986635,74000,0.8710419,2,-97.99258099774619,0.0018937620043288916,-35.486275,10,0.39579633,0.0,-1.0,-1.0,-1.0,0.8886038,-4.126962661743164,0.06966260098852217,0.12056385,-2.2500694,-31.532,-1.525257,740,99.84450094608474,-32.974873,-0.9556951,-1.7698613,0.001496708020567894,15000,-100.0,100.0,-100.0,-1.0,0.017794813960790634,0.23915452999062836,0.67848396,100,15000,100,1.004495280008996,0.95713174,0.03165834947382082,-99.73820690485843,-32.690052,-31.157381,0.01635413,-2.8988132,-100.0,0.0,0.23440818,-35.541134,4.7710686
33.6106,-67.61020695748907,-100.0,10.740461,0.030727549,0.18478426769707176,1.1226728,10.099952825802253,-32.49975,0.21666554,-30.77796,10.6143265,1.2860065,100.0,-35.00955,-0.6222473837962744,1.0371602,0.0027370860043447465,100,16.194896521255465,2.0767522,74,-0.61142147,-0.50201607,-0.9663334905806591,0.9222545,-96.63334905806592,100,152,1.3506488330313005,75000,3.3018515,2,-66.33349058065916,0.015765666001243517,-35.367546,10,0.44610688,0.0,-1.0,-0.39372813186844763,-1.0,0.9718481,-2.9074339866638184,0.07014517701463774,0.15636234,-2.5106385,-1.0,-1.6652685,750,101.19928783908836,-32.668888,-0.78893065,-1.5034198,0.0013471280108205974,15200,-83.80510347874454,100.0,-83.80510347874454,-0.8380510347874455,0.017038051038980484,0.23934004400507547,0.6333416,100,15200,100,1.0213137319951784,1.0317895,0.10167159412488003,-96.63334905806592,-32.486088,-30.69635,0.003144228,-1.8863077,-100.0,0.0,0.12722847,-35.113018,3.7855928
33.9392,-92.70347219042463,-100.0,10.127869,0.0022471112,0.07849441483679545,1.1333808,3.112869153461739,-32.887047,0.20382263,-30.771448,10.147534,1.2100022,100.0,-34.9949,-0.23981895779440204,1.0040638,0.0033993660181295127,100,3.648263904787683,2.387011,75,-0.5080839,-0.85802406,-0.9621427515106361,0.95510197,-96.21427515106362,100,154,1.323261622019345,76000,3.3322866,2,-93.24064430943646,0.0024163360067177564,-35.200356,10,0.43055254,0.0,-1.0,-0.4729742461338682,-1.0,0.9728564,-3.2486014366149902,0.07074399199336767,0.052964937,-2.4353282,-0.88544554,-1.6956906,760,102.52603191908565,-33.018417,-0.97519416,-1.7139096,0.0011829010036308318,15400,-96.35173609521232,100.0,-96.35173609521232,-0.9635173609521233,0.01636897213757038,0.2349097979895305,0.67654264,100,15400,100,1.0106092290079687,1.0284355,0.0629399488891673,-96.21427515106362,-32.86567,-30.886456,0.020416046,-1.8947324,-100.0,0.0,0.12870353,-35.03834,4.2749696
34.397625,-100.0,-100.0,9.589898,0.013502338,0.0,1.5094309,14.191810182780229,-33.457848,0.31909442,-31.648804,9.613416,1.119298,100.0,-36.439686,-0.11156652972731602,1.1353096,0.003426846000365913,100,0.0,2.756069,76,-0.35192758,-0.99418795,-0.8262762182208553,0.96385396,-82.62762182208553,100,156,1.3230833760462701,77000,3.3985023,2,-70.25432776030587,0.0024344510165974498,-35.900436,10,0.4745467,0.0,-1.0,-1.0,-1.0,0.99417853,-3.6597096920013428,0.06911678999313153,0.21400777,-2.3290215,-1.0,-1.4383975,770,103.85364312515594,-33.310726,-0.93701243,-1.9349204,0.0012424119922798127,15600,-100.0,100.0,-100.0,-1.0,0.015675416216254234,0.2391537600196898,0.85867834,100,15600,100,1.0077091170242056,1.1552155,0.15095244770750949,-82.62762182208553,-33.453476,-31.673168,0.024742119,-3.6730342,-100.0,0.0,0.14922984,-36.134415,5.8386993
34.87994,-95.27935200560124,-100.0,19.886543,0.054109737,0.06500338337983863,1.4260557,0.7304240145907629,-33.415638,0.22910474,-31.614801,19.912012,1.6465787,100.0,-35.87848,-0.43907027168536256,0.98419535,0.024965556018287316,100,2.36032399719938,2.7620053,77,-0.6796277,-0.562626,-0.9953637144537943,0.98851466,-99.53637144537944,100,158,1.3566811610071454,78000,4.6527853,2,-98.02810172223212,0.0024206600210163742,-35.498528,10,0.43972045,0.0,-1.0,-0.5992266002572266,-1.0,0.96744186,-1.4829188585281372,0.0716554379905574,0.32968625,-2.2781136,-1.0,-1.6261585,780,105.2138115101261,-33.055546,-0.9708958,-1.8641428,0.0011821779771707952,15800,-97.63967600280063,100.0,-97.63967600280063,-0.976396760028006,0.01505495235323906,0.24512921000132337,0.8183988,100,15800,100,1.0113281189987902,0.98015004,0.03993489347202923,-99.53637144537944,-33.386524,-31.57701,0.002759245,-2.6122007,-100.0,0.0,0.12199482,-35.669518,5.367735
34.77109,-66.58306208798146,-100.0,21.920584,-0.025338091,0.18704261761632676,1.5408826,16.522446311920415,-33.598446,0.20712939,-32.305042,21.980904,1.3665717,100.0,-36.01048,-0.22110348716608685,0.8167861,0.0034713630157057196,100,16.70846895600927,2.3383708,78,-0.50619966,-0.774584,-0.8347995443959261,0.64972353,-83.4799544395926,100,160,1.3226993960270192,79000,4.6519074,2,-66.1864550599377,0.00244726100936532,-36.014526,10,0.43157443,0.0,-1.0,-0.3544821475073376,-1.0,0.97633636,-2.6819167137145996,0.07030444301199168,-0.02548521,-2.2751417,-1.0,-1.658039,790,106.54181493219221,-33.01067,-0.9002766,-2.1412823,0.001163857989013195,16000,-83.29153104399073,100.0,-83.29153104399073,-0.8329153104399073,0.014490997418761253,0.23792415097705089,0.7990474,100,16000,100,1.0073883200238924,0.8145396,0.16946133184241932,-83.4799544395926,-33.596188,-32.22909,0.0043506296,-5.3191686,-100.0,0.0,0.14021075,-35.92886,5.8230934
35.20715,-85.87352578551561,-100.0,11.474627,0.011391353,0.10978261345646208,1.0792929,5.445305778337062,-33.809986,0.26166567,-32.25364,11.562607,1.5520352,100.0,-36.677544,-0.5989282071305874,0.8671599,0.0033656439918559045,100,7.063237107242195,1.8173319,79,-0.61456925,-0.98085743,-0.9818489807388764,0.99310505,-98.18489807388764,100,162,1.3153391889936756,80000,3.4156992,2,-81.84898073887646,0.0023076369834598154,-36.514187,10,0.40480423,0.0,-1.0,-0.5171764075752364,-1.0,0.96891457,-1.916078805923462,0.06997056500404142,-0.224886,-2.2737346,-1.0,-1.6441094,800,107.86128305015154,-33.681057,-0.9888698,-2.5302553,0.0013695960224140435,16200,-92.9367628927578,100.0,-92.9367628927578,-0.9293676289275781,0.013877633959054947,0.24176330599584617,0.7105852,100,16200,100,0.9965624409960583,0.8666973,0.05619672540757993,-98.18489807388764,-33.807236,-32.16164,0.004383745,-1.0257474,-100.0,0.0,0.18465829,-36.727734,4.800812
34.709694,-78.40374968817525,-100.0,0.64434636,-0.02448914,0.15249401641971247,1.1516598,7.810052965262646,-33.32498,0.28070015,-31.361023,0.6925136,1.5140876,100.0,-36.79817,-0.6282737180697671,1.1070395,0.003291489992989227,100,10.798125155912373,2.5212328,80,-0.6176749,-0.5839141,-0.9609798851729274,0.96601665,-96.09798851729275,100,164,1.327563437022036,81000,1.0048009,2,-79.8038198733478,0.0024187870149035007,-36.9381,10,0.4153452,0.0,-1.0,-0.03870914687648682,-1.0,0.94038594,-2.100221633911133,0.07124291901709512,-0.010943084,-2.3987095,-32.391155,-1.8191832,810,109.19282481816481,-34.084824,-0.9673232,-1.6512846,0.0013361370074562728,16400,-89.20187484408763,100.0,-89.20187484408763,-0.892018748440876,0.013267843052744865,0.2405997370078694,0.62602776,100,16400,100,1.0086743669817224,1.1194215,0.08007753708856426,-96.09798851729275,-33.291092,-31.44187,-0.022154057,-2.3268847,-100.0,0.0,0.17542149,-36.514927,5.2318687
35.839417,-71.04965549064254,-74.58239766448192,10.947163,0.029837256,0.1231368181776012,1.4130005,13.914023335364568,-34.476147,0.19462548,-32.701878,10.883216,1.5324008,100.0,-37.26432,-0.28647384462167386,1.0402756,0.0034311769995838404,100,1.7663710869196905,2.4651763,81,-0.54491544,-0.3634657,-0.8608895127488375,0.9709195,-86.08895127488377,100,166,1.3223826979810838,82000,3.4517555,2,-71.5798978945356,0.0023176200047601014,-36.581944,10,0.4540352,0.0,-1.0,-0.1657795347389969,-1.0,0.99325544,-2.036527156829834,0.07034704700345173,0.12118885,-2.331469,-1.0,-1.6631219,820,110.51955970414565,-33.9234,-0.8996809,-2.1797953,0.0013637040101457387,16600,-72.81602657756223,100.0,-72.81602657756223,-0.7281602657756223,0.012836537323892117,0.2355485429870896,0.8356029,100,16600,100,1.0093746069760527,0.9954155,0.14285886151397306,-86.08895127488377,-34.477604,-32.649117,0.0072688446,-3.0320976,-100.0,0.0,0.118502975,-37.08458,4.7530775
35.338566,-59.95822909856776,-60.69900665691466,20.79828,0.001553882,0.0992366315503941,1.3513597,18.717097741524718,-33.802773,0.14314388,-31.802258,20.587088,1.7139341,100.0,-36.64165,-0.15967897610653384,1.1420021,0.003389145014807582,100,0.3703887791734495,2.7047849,82,-0.47000968,-0.34476835,-0.8775154457696945,0.42333502,-87.75154457696945,100,168,1.3345944460306782,83000,4.7828617,2,-57.889746639260004,0.002508655976271257,-36.9505,10,0.45018843,0.0,-1.0,-0.3974135508772406,-0.8621552470495063,0.97419083,-1.2551430463790894,0.06943702400894836,0.16069669,-2.4775276,-0.6509,-1.7171488,830,111.85843672120245,-33.51562,-0.9499154,-1.7779746,0.0013768479984719306,16800,-60.32861787774121,100.0,-60.32861787774121,-0.603286178777412,0.012428944930434227,0.24145296702045016,0.79660064,100,16800,100,1.016429806011729,1.1699629,0.19115022763769043,-87.75154457696945,-33.792004,-31.928005,0.021753075,-4.455301,-100.0,0.0,0.25434405,-36.496407,4.946645
35.249157,-54.89876670784609,-54.9117503372404,11.121898,0.022568548,0.11141422822091315,1.3617028,23.225282975606984,-33.98959,0.1812217,-32.233837,11.047242,1.4422853,100.0,-38.952732,-0.5175209300661224,1.0394969,0.0037425839982461184,100,0.006491814697152876,2.2183633,83,-0.59793806,-0.5314692,-0.7678102482184377,0.9877357,-76.78102482184377,100,170,1.3212419140036218,84000,3.4755392,2,-52.52341254235864,0.0018573339912109077,-37.76853,10,0.44248533,0.0,-1.0,-0.3329942441968447,-1.0,0.98272777,-2.467791795730591,0.07243859101436101,0.04026323,-2.3963192,-1.0,-1.7003262,840,113.18355463421904,-34.102158,-0.9744389,-1.985387,0.001258992007933557,17000,-54.90525852254325,100.0,-54.90525852254325,-0.5490525852254327,0.011973483487963676,0.23662647098535672,0.71300954,100,17000,100,1.0053179420065135,1.0757837,0.2401004211074792,-76.78102482184377,-33.933807,-32.143406,-0.0024827346,-5.651849,-100.0,0.0,0.12946557,-37.721943,4.584203
35.900845,-57.98860548171581,-100.0,10.304005,0.007929901,0.217121650841015,1.3979943,17.194536534239308,-34.414677,0.19531003,-32.762352,10.334688,1.6330726,100.0,-37.061058,-0.04406988857733714,1.1022317,0.0034750619961414486,100,21.005697259142096,2.8363945,84,-0.5429862,-0.97260517,-0.914062867960487,0.96132153,-91.4062867960487,100,172,1.3343015820137225,85000,3.5318675,2,-55.92585698106525,0.0026185510214418173,-37.212955,10,0.51086587,0.0,-1.0,-0.41362079667154317,-1.0,0.9868642,-1.6365079879760742,0.07743249999475665,0.104278415,-2.4612021,-1.0,-1.7118481,850,114.52195223723538,-34.169357,-0.97754663,-1.9720142,0.0012475340045057237,17200,-78.9943027408579,100.0,-78.9943027408579,-0.789943027408579,0.011559810489416122,0.23974439399898984,0.8277291,100,17200,100,1.009783540997887,1.0989952,0.17671500676249757,-91.4062867960487,-34.406395,-32.67677,0.006681972,-2.4734082,-100.0,0.0,0.1234643,-37.100174,5.6944737
36.01393,-62.7221303403033,-100.0,22.707434,-0.0053516533,0.20376922223016358,1.3165046,15.407313150502091,-34.567043,0.23479491,-32.46171,22.84859,1.6029729,100.0,-37.933357,-0.5985804521426253,1.2403238,0.0036861389817204326,100,18.63893482984835,2.2397249,85,-0.5277503,-0.72397465,-0.9229634384219347,0.984973,-92.29634384219347,100,174,1.3335119529801887,86000,4.8833537,2,-61.470377519563364,0.0024266289838124067,-37.744762,10,0.4729135,0.0,-1.0,-0.10682949651790916,-1.0,0.99120104,-1.7846394777297974,0.06969020000542514,-0.049715128,-2.45134,-0.6667838,-1.7667401,860,115.85954719019355,-34.106808,-0.9672154,-2.1915143,0.0012845019809901714,17400,-81.36106517015165,100.0,-81.36106517015165,-0.8136106517015165,0.011162664741277695,0.2414460730215069,0.77259606,100,17400,100,1.0149784100067336,1.238639,0.15742202326217222,-92.29634384219347,-34.54355,-32.417118,-0.022973424,-3.027838,-100.0,0.0,0.21491128,-37.790005,5.979519
36.330788,-100.0,-100.0,0.05988567,-0.012032404,0.0,1.3579278,8.214192227584165,-34.808857,0.17245632,-32.78036,0.0689727,1.645469,100.0,-37.27663,-0.7200868566369741,1.2199684,0.003428658004850149,100,0.0,2.209663,86,-0.57033336,-0.7321301,-0.9462271372966109,0.8113869,-94.62271372966109,100,176,1.313271963968873,87000,1.1246457,2,-81.9808464715882,0.0019203429983463138,-37.331436,10,0.48918608,0.0,-1.0,-1.0,-1.0,0.96907026,-1.6039760112762451,0.07056903297780082,0.09766268,-2.5713313,-32.664925,-1.7570996,870,117.17700355517445,-34.794903,-0.96166,-2.3024905,0.0012162140046712011,17600,-100.0,100.0,-100.0,-1.0,0.01084181945770979,0.2360436269955244,0.7554435,100,17600,100,1.0000940889876802,1.173567,0.0829395218569302,-94.62271372966109,-34.830795,-32.759415,-0.011142964,-2.4811566,-100.0,0.0,0.16425794,-37.52676,5.5787477
35.722946,-76.47104354234389,-79.829145028802,10.504596,-0.01253787,0.0831434477405191,1.1024209,0.0,-34.108418,0.16235651,-31.686075,10.417137,1.7544152,100.0,-37.45255,-1.0,1.4326423,0.0034953260037582368,100,1.6790507432290553,2.5113912,87,-0.5296595,-0.9879534,-1.0,0.7045424,-100.0,100,178,1.3364497019792907,88000,3.6170902,2,-100.0,0.002035306009929627,-37.543568,10,0.50882894,0.0,-1.0,-0.5352448391594297,-1.0,0.97636384,-1.1151710748672485,0.07205749297281727,0.14213471,-2.5696723,-0.67892724,-1.8551011,880,118.51771719518001,-34.475155,-0.95990354,-1.8118969,0.0011985179735347629,17800,-78.15009428557295,100.0,-78.15009428557295,-0.7815009428557292,0.010662928223609924,0.24469511001370847,0.7360458,100,17800,100,1.0129679490055423,1.4455185,0.0,-100.0,-34.126854,-31.763466,-0.03464431,-1.2743832,-100.0,0.0,0.22679593,-37.22492,5.466508
35.938595,-97.43194435450725,-100.0,23.58143,0.020839205,0.04156021103638535,1.6470015,0.7249358425690182,-34.37848,0.22031805,-32.406128,23.636148,1.7154242,100.0,-37.464577,-0.3122010424105989,1.3018724,0.0033537480048835278,100,1.2840278227463742,2.5739777,88,-0.54086196,-0.9726321,-0.9930229509633812,0.98039126,-99.30229509633813,100,180,1.3266036130662542,89000,4.8672385,2,-98.27841333454364,0.0023565400042571127,-37.18613,10,0.5122163,0.0,-1.0,-0.7054463790500635,-1.0,0.9970131,-1.2971787452697754,0.06984155901591294,0.32328078,-2.6460428,-1.0,-1.8460665,890,119.84861011820612,-34.035187,-0.7013554,-2.4932296,0.0011890980240423232,18000,-98.71597217725363,100.0,-98.71597217725363,-0.9871597217725363,0.010479769669473171,0.2391333730192855,0.7509216,100,18000,100,1.0107292949978728,1.314561,0.049687809053436484,-99.30229509633813,-34.400223,-32.41057,0.018408254,-4.178542,-100.0,0.0,0.16167033,-37.474937,6.2756405
36.36165,-100.0,-100.0,10.804498,0.014111787,0.0,1.3870215,10.735757690473356,-34.70189,0.26128325,-32.84009,10.825437,1.8510873,100.0,-37.18317,-0.28389731382545247,1.1799346,0.0031112309952732176,100,0.0,2.8056479,89,-0.4768741,-0.8890002,-0.9642141410317555,0.90064836,-96.42141410317555,100,182,1.3213803560065571,90000,3.6449144,2,-64.21414103175547,0.0024080419971141964,-37.747875,10,0.4794848,0.0,-1.0,-1.0,-1.0,0.95860183,-0.6800086498260498,0.07042732200352475,0.06630297,-2.5911455,-0.6667838,-1.8190647,900,121.17344343618606,-34.575947,-0.7186394,-1.9827725,0.0012096930004190654,18200,-100.0,100.0,-100.0,-1.0,0.010392406024038792,0.2395077449909877,0.8126535,100,18200,100,1.0047163230192382,1.1728623,0.11382687760882017,-96.42141410317555,-34.6824,-32.758156,0.015313085,-4.1322036,-100.0,0.0,0.2503125,-37.150475,5.3402
36.450768,-72.8643795676034,-100.0,23.720997,-0.013383669,0.14921617612265572,1.5215929,13.058203795563024,-34.690025,0.17148508,-32.653545,23.78429,1.8331455,100.0,-37.252663,-0.35889612131115395,1.4419109,0.003395826992345974,100,13.567810216198303,2.6147263,90,-0.6435158,-0.8746305,-0.8934225767407705,0.8467462,-89.34225767407705,100,184,1.3335927999869455,91000,4.987823,2,-72.51082804555637,0.002568279014667496,-37.619633,10,0.5105921,0.0,-1.0,-0.5131055475686997,-1.0,0.9873278,-0.7659846544265747,0.07080478497664444,0.27850148,-2.6473455,-1.0,-1.9384713,910,122.51129664611653,-34.304935,-0.5248452,-1.7304136,0.0011885789863299578,18400,-86.4321897838017,100.0,-86.4321897838017,-0.864321897838017,0.010144518688321114,0.24816156801534817,0.71640617,100,18400,100,1.0074737620016094,1.4099619,0.13881043146674962,-89.34225767407705,-34.715763,-32.564865,0.008505316,-6.9404597,-100.0,0.0,0.17770478,-37.47613,4.512847
36.675827,-100.0,-100.0,24.579412,-0.0052389163,0.0,1.2428794,7.909253066602853,-34.932255,0.27538675,-32.046856,24.631706,1.9090859,100.0,-37.97025,-0.4408635396423694,1.6194047,0.0033994400000665337,100,0.0,2.998556,91,-0.674475,-0.93541884,-0.9604715149703512,0.9732564,-96.04715149703512,100,186,1.3251975110033527,92000,4.9794116,2,-79.70547962405026,0.0025337630067951977,-38.046253,10,0.492705,0.0,-1.0,-1.0,-1.0,0.97848934,-0.41871169209480286,0.07004344099550508,0.12347042,-2.6235428,-1.0,-1.8621757,920,123.84051384808845,-34.450523,-0.9601898,-2.1612923,0.0011860730010084808,18600,-100.0,100.0,-100.0,-1.0,0.00999398808926344,0.24262489000102505,0.76113856,100,18600,100,1.0054099039989524,1.6025683,0.0840455327037925,-96.04715149703512,-34.91371,-32.14037,0.0054867747,-1.0269974,-100.0,0.0,0.2185625,-37.94922,5.6554737
36.76444,-100.0,-100.0,36.16133,0.022669205,0.0,1.0914927,12.710959444958133,-35.041214,0.2358156,-32.780178,36.065384,1.8304988,100.0,-37.729362,-0.23436682838169104,1.289726,0.0034484509960748255,100,0.0,2.5021334,92,-0.61704385,-0.5431552,-0.9167911228347254,0.9680807,-91.67911228347253,100,188,1.3331086690013763,93000,6.020528,2,-72.02132312527087,0.002358787984121591,-38.372395,10,0.47543314,0.0,-1.0,-1.0,-1.0,0.99704456,-0.7821604013442993,0.07036492199404165,0.14620224,-2.6234381,-1.0,-1.9325364,930,125.17758919406333,-34.267014,-0.9422968,-1.5118085,0.0011989469930995256,18800,-100.0,100.0,-100.0,-1.0,0.009907003492116928,0.24721926302299835,0.67060417,100,18800,100,1.0085182980110403,1.2880275,0.13102760496371818,-91.67911228347253,-35.03201,-32.80436,0.0042845346,-1.3259771,-100.0,0.0,0.2961219,-37.744278,4.088753
36.71679,-95.21142272210082,-97.69130321389626,0.22221747,0.020107096,0.06833654799879127,1.5338475,0.751865916344876,-34.981167,0.2111515,-32.48382,0.19813703,1.90064,100.0,-38.24348,-0.3008710281069899,1.6819936,0.0030449879996012896,100,1.2399402458977207,3.3659012,93,-0.5676708,-0.979493,-0.9925939758108965,0.9933367,-99.25939758108966,100,190,1.3405379099713173,94000,1.6174868,2,-98.33378184580394,0.002607909991638735,-38.542786,10,0.5777867,0.0,-1.0,-0.5884828803061716,-1.0,0.9948528,-0.45900440216064453,0.07058844598941505,0.3668172,-2.6610057,-32.936436,-1.7189196,940,126.5225654510723,-35.38601,-0.9768234,-1.6906908,0.0011919300013687462,19000,-96.45136296799853,100.0,-96.45136296799853,-0.9645136296799857,0.009854770265519619,0.24344959697918966,0.86209464,100,19000,100,1.0196550390101038,1.6917725,0.04821590214033483,-99.25939758108966,-35.000095,-32.47169,0.013858183,-3.0267687,-100.0,0.0,0.1343982,-38.219025,7.276331
35.796623,-70.59716547118241,-96.31490082834736,0.76689154,0.047012623,0.18267850267572952,1.3791384,15.234413781488273,-34.586258,0.27595133,-32.185585,0.8331051,1.3066429,100.0,-37.81963,-0.4368063835496779,1.6309386,0.00330337299965322,100,12.858867678582477,2.647856,94,-0.43215063,-0.96282345,-0.8756353545858421,0.9925021,-87.5635354585842,100,192,1.3380335950059816,95000,1.6661931,2,-68.32259084482043,0.0025545590033289045,-38.47239,10,0.5464832,0.0,-1.0,-0.11671888901285102,-1.0,0.99606836,-3.2026140689849854,0.07165398198412731,0.21197897,-2.5385423,-32.66868,-1.6285073,950,127.86470978608122,-35.41321,-0.9740873,-1.8631673,0.0011877480137627572,19200,-83.45603314976489,100.0,-83.45603314976489,-0.8345603314976487,0.009859137237071991,0.24101085698930547,0.7177853,100,19200,100,1.018323076015804,1.6801163,0.15718358741280683,-87.5635354585842,-34.54289,-32.130955,0.017194178,-2.9332078,-100.0,0.0,0.13730092,-37.786068,5.709421
36.637684,-58.14133193754165,-100.0,24.690027,-0.0057598497,0.22798059574155147,1.1777334,20.575948756487925,-34.754566,0.22738566,-32.432377,24.710833,2.0655327,100.0,-37.70258,-0.16063531598656997,1.6086841,0.003327750018797815,100,20.929334031229175,2.5001092,95,-0.40399197,-0.9545164,-0.8653330712769257,0.8749172,-86.53330712769257,100,194,1.3439812850265298,96000,5.0768137,2,-54.27198788224614,0.002468341001076624,-38.25848,10,0.49870944,0.0,-1.0,-0.400511442841658,-1.0,0.9642187,0.30320894718170166,0.07124599197413772,0.02997884,-2.6333914,-1.0,-1.9279345,960,129.21280473208753,-34.734734,-0.9786401,-1.9105544,0.0014066400181036443,19400,-79.07066596877083,100.0,-79.07066596877083,-0.7907066596877084,0.009785916656255722,0.23795007599983364,0.78376496,100,19400,100,1.0275824860145804,1.6443537,0.2100701793465936,-86.53330712769257,-34.751408,-32.371994,0.0028685096,-2.5112476,-100.0,0.0,0.12390718,-37.60031,5.3298216
36.56738,-87.9017295685765,-89.74720899828,0.56874555,0.038441323,0.10392947682003006,1.5177095,4.15821804198545,-34.99519,0.2737125,-32.424194,0.55409366,1.7393653,100.0,-38.067158,-0.4029846967206325,1.6820066,0.0036139499861747026,100,0.9227397148517511,3.321964,96,-0.6401284,-0.97036284,-0.8772194078582162,0.997195,-87.72194078582163,100,196,1.3438820980372839,97000,1.7512741,2,-85.13158278028273,0.002347800007555634,-38.415974,10,0.5105444,0.0,-1.0,-0.5748387774966746,-1.0,0.9974384,-1.2081670761108398,0.07119661101023667,0.5014186,-2.6251907,-32.79714,-1.6678358,970,130.5609298221243,-35.691235,-0.92753005,-2.018176,0.0013138930080458522,19600,-88.82446928342824,100.0,-88.82446928342824,-0.8882446928342824,0.009700635448098183,0.2517866470152512,0.80851144,100,19600,100,1.0136231970100198,1.6920081,0.07216369589539945,-87.72194078582163,-35.003304,-32.354244,0.0291623,-1.3824416,-100.0,0.0,0.19279142,-38.11111,7.7984204
36.418915,-91.388616104761,-95.17637612841109,22.986567,0.021729734,0.08555336522616255,1.3886466,0.7039337433655801,-34.719147,0.16450304,-32.30867,23.011395,1.8598595,100.0,-38.08727,-0.4181694332032075,1.8401767,0.003388917015399784,100,1.893880011825047,3.5188427,97,-0.5363969,-0.98464483,-0.9901419633111038,0.9691452,-99.0141963311104,100,198,1.3560691280290484,98000,5.1075883,2,-98.16739149103262,0.002458562987158075,-38.661057,10,0.48568892,0.0,-1.0,-0.657370379027635,-1.0,0.99787956,-0.6525713205337524,0.07299549601157196,0.21322252,-2.4857607,-1.0,-1.8899374,980,131.92114834315726,-34.571842,-0.9765834,-2.2117712,0.0012950960081070662,19800,-93.28249611658605,100.0,-93.28249611658605,-0.9328249611658602,0.00949855800718069,0.2511660110030789,0.79804635,100,19800,100,1.0247650450037327,1.8468237,0.05667582618833698,-99.0141963311104,-34.724606,-32.416405,0.011702049,-3.4939928,-100.0,0.0,0.16613045,-38.10538,6.1709247
37.48861,-91.19848926221015,-100.0,11.286359,0.006218298,0.07669375805286396,1.2694956,1.6766211705749396,-35.758495,0.192296,-33.103195,11.387011,1.8843516,100.0,-39.45022,-0.34494275090267157,1.8747367,0.003409338998608291,100,4.400755368894927,3.4104414,98,-0.5599283,-0.9632773,-0.9890882638449955,0.7853017,-98.90882638449955,100,200,1.3296662400243804,99000,3.9705389,2,-96.00361597178858,0.0023470470041502267,-39.518124,10,0.4814768,0.0,-1.0,-0.6518771589688326,-1.0,0.9925208,-0.5399875044822693,0.07070113101508468,0.28361276,-2.4997249,-1.0,-1.8260111,990,133.2551227422082,-35.60922,-0.9671798,-1.6122389,0.0011673450062517077,20000,-95.59924463110508,100.0,-95.59924463110508,-0.9559924463110508,0.009378970600664616,0.2352244129870087,0.7693068,100,20000,100,1.0168169650132768,1.8659261,0.042805702057032664,-98.90882638449955,-35.749523,-33.014595,0.010309587,-2.3853083,-100.0,0.0,0.15623981,-39.3301,5.712321
37.447132,-94.9542576909076,-95.43087791566934,23.29413,0.046589207,0.11744600576566751,1.2118998,0.2865172246305312,-35.588028,0.18338712,-32.849766,23.403746,2.0710783,100.0,-38.982937,-0.14224147014402294,1.7856001,0.0027699210040736943,100,0.23831011238087285,2.9629824,99,-0.5789857,-0.30758917,-0.9816354262710385,0.99839973,-98.16354262710385,100,202,1.339790636964608,100000,5.197265,2,-97.82981532962877,0.00233357198885642,-39.232353,10,0.4623848,0.0,-1.0,-0.06829671417266815,-1.0,0.9984024,0.3324819505214691,0.07182509597623721,0.30794534,-2.6295433,-1.0,-1.8895388,1000,134.59907786216354,-35.25187,-0.9164233,-2.2342372,0.0011722909985110164,20200,-95.19256780328847,100.0,-95.19256780328847,-0.9519256780328845,0.009302233345806599,0.2557460980024189,0.7876926,100,20200,100,1.0059436589945108,1.8050027,0.08887935215633462,-98.16354262710385,-35.630836,-32.887733,0.054913133,-1.4061551,-98.517529759733,0.0,0.20646887,-39.044033,5.9637203
