exploration/Rewards Max,trainer/Q2 Predictions Mean,time/evaluation sampling (s),exploration/Actions Min,evaluation/Rewards Mean,trainer/Q1 Predictions Max,evaluation/path length Std,trainer/Q1 Predictions Min,evaluation/path length Min,evaluation/Actions Std,evaluation/Actions Max,trainer/QF2 Loss,trainer/Policy log std Std,evaluation/Rewards Max,exploration/Rewards Mean,exploration/Returns Mean,time/logging (s),trainer/Q2 Predictions Min,exploration/Actions Max,time/total (s),time/epoch (s),trainer/Policy mu Std,evaluation/path length Max,trainer/Q Targets Min,trainer/QF1 Loss,exploration/num paths total,trainer/Policy log std Min,exploration/num steps total,exploration/Actions Std,exploration/Num Paths,exploration/Returns Std,evaluation/Rewards Min,time/training (s),exploration/path length Min,trainer/Log Pis Std,trainer/Q2 Predictions Max,evaluation/num paths total,evaluation/Returns Mean,evaluation/Average Returns,trainer/Policy log std Max,evaluation/Actions Min,trainer/Policy mu Mean,trainer/Policy log std Mean,Epoch,time/exploration sampling (s),exploration/path length Std,replay_buffer/size,evaluation/Actions Mean,exploration/Average Returns,time/data storing (s),time/saving (s),trainer/Log Pis Mean,trainer/Policy mu Min,trainer/Policy Loss,trainer/Log Pis Min,trainer/Policy mu Max,evaluation/num steps total,exploration/Returns Min,evaluation/Returns Min,trainer/Alpha,trainer/Q1 Predictions Mean,exploration/Returns Max,trainer/Log Pis Max,exploration/Rewards Min,trainer/Q Targets Mean,trainer/Alpha Loss,evaluation/Returns Std,evaluation/Rewards Std,exploration/path length Max,evaluation/Returns Max,evaluation/path length Mean,trainer/Q2 Predictions Std,trainer/Q Targets Std,exploration/Actions Mean,evaluation/Num Paths,exploration/Rewards Std,trainer/Q Targets Max,exploration/path length Mean,trainer/Q1 Predictions Std
-0.11029935273687756,-0.00010092203,0.2960202519898303,-0.99397707,-6.676182364840467,0.0011592361,0.0,-0.0037318221,100,0.001243198,0.0022749545,51.699333,0.0005880198,-0.5149291868481782,-6.083019303712967,-608.3019303712966,0.0048147130000870675,-0.003751697,0.9951348,2.622135582991177,2.4068006020097528,0.0012913295,100,-11.891624,51.682922,7,-0.0030444334,700,0.61955214,5,258.1855079244122,-12.138999345465267,1.955104193999432,100,0.28782463,0.0019144675,15,-667.6182364840466,-667.6182364840466,-8.4535684e-05,-0.0015406229,0.00011982103,-0.0011547746,0,0.14569644100265577,0.0,700,0.00010171674,-608.3019303712966,0.0027994380216114223,0.0023655639961361885,-1.3213753,-0.0016880466,-1.3199991,-1.8204265,0.002547546,1500,-1005.2324251994522,-1213.7434325276076,0.9997000694274902,-0.0009851629,-381.31465545266605,-0.5457096,-11.88922250042751,-6.551692,-0.0,299.7423042922198,2.997597138811336,100,-55.639443900557204,100.0,0.0011321352,2.9622025,3.0832292e-05,15,3.084624966313504,-1.0293194,100.0,0.0011919265
-0.106923808020189,-10.215855,0.35718391300179064,-0.9865888,-2.003422327862699,-4.7173944,0.0,-24.494856,100,0.190119,0.73190373,0.52765393,0.048628658,-0.17839767721402308,-1.9865063155822675,-198.6506315582267,0.004553417005809024,-24.601122,0.99421954,5.0749652280064765,2.44775860698428,0.36285952,100,-23.391409,0.585632,12,-0.3297052,1200,0.5872437,5,38.32192356204225,-11.001349055689031,1.932306709990371,100,0.6586371,-4.5179167,30,-200.34223278626985,-200.34223278626985,-0.14491458,-0.47076443,0.21522067,-0.19388957,1,0.14892728999257088,0.0,1200,0.16028559,-198.6506315582267,0.0027580139867495745,0.002029263006988913,-1.0344732,-0.54741573,8.810752,-3.7350178,0.9244164,3000,-256.0091255464984,-354.2467611457063,0.8631771802902222,-10.278526,-155.2007054440315,0.3943143,-8.235605388919488,-10.210982,-0.4456311762332916,63.107403376253075,1.352132986558523,100,-125.91584978077798,100.0,5.556942,5.6321206,0.11229846,15,1.1523359652749128,-2.4806955,100.0,5.501174
-0.02657072986560368,-16.28399,0.3333727619901765,-0.9918216,-0.6745927032608132,-7.1559777,0.0,-44.542435,100,0.16084887,0.9290532,0.64968175,0.092740275,-0.19900729420874727,-1.518707280890697,-151.87072808906973,0.004858022992266342,-44.383465,0.9984243,7.540874609025195,2.4617012219969183,0.66520256,100,-43.054935,0.63586175,17,-0.51597416,1700,0.58469176,5,23.541156142108427,-10.917106885408772,1.9694192890019622,100,1.0862815,-7.136617,45,-67.45927032608132,-67.45927032608132,-0.16464375,-0.78414917,0.2217258,-0.33014625,2,0.14924510501441546,0.0,1700,0.032178443,-151.87072808906973,0.0028087199898436666,0.0019973230082541704,-0.5191394,-1.2882415,14.351934,-3.8058205,1.5036032,4500,-176.95142707124305,-102.61470239347076,0.7529311776161194,-16.289892,-117.87364750472163,2.1977177,-11.109837796117173,-16.331928,-0.7142429351806641,21.326007666039107,1.2492152565990347,100,-35.27861704143969,100.0,10.511587,10.66392,0.054892015,15,1.475296708104207,-6.576096,100.0,10.497092
-0.07995987863687842,-16.882591,0.38400428599561565,-0.99464476,-0.24441621558742185,-8.63852,0.0,-54.607895,100,0.1502912,0.9255625,3.1571946,0.1014947,-0.01840976824776022,-1.1400112410890524,-114.0011241089052,0.0047775790153536946,-54.472725,0.99066335,10.191997351066675,2.646956023032544,0.6985071,100,-55.95742,3.1086962,22,-0.5737037,2200,0.5494567,5,30.28652783937409,-10.076130126217443,2.096569134009769,100,1.2765938,-8.53224,60,-24.441621558742188,-24.441621558742188,-0.2188494,-0.9088195,0.16344681,-0.4105113,3,0.1566645080165472,0.0,2200,0.018273234,-114.0011241089052,0.0029511319880839437,0.0019893840071745217,-0.6154058,-1.5854985,14.909203,-4.736964,1.61943,6000,-149.9722484950995,-68.30288604678996,0.6600123047828674,-16.865023,-81.41700753192829,2.3217018,-10.4385166181719,-16.669518,-1.0860044956207275,18.762881190514634,0.9596365627673621,100,-6.147379306267334,100.0,12.445191,12.772757,0.040195078,15,1.2553616900092879,-0.7922644,100.0,12.463516
-0.04397770757201871,-19.866264,0.3630075599940028,-0.98666096,-0.23292627790155246,-9.958685,0.0,-65.62428,100,0.14296706,0.9489668,2.5006208,0.10712656,-0.05940314213276331,-0.9640764724106677,-96.4076472410668,0.004801467002835125,-65.81068,0.9857499,12.865464350092225,2.6692550870066043,0.8172249,100,-67.38527,2.4659529,27,-0.66653764,2700,0.5375144,5,15.883297527287278,-8.809213538936385,2.148447101993952,100,1.282501,-9.915351,75,-23.292627790155247,-23.292627790155247,-0.2734119,-0.92935705,0.24008729,-0.46086028,4,0.14813409800990485,0.0,2700,0.018880092,-96.4076472410668,0.0028750869969371706,0.0019897730089724064,-0.25418517,-1.5637484,17.944506,-3.10485,1.8601427,7500,-120.15564062901466,-54.48053079359387,0.5776405334472656,-19.854479,-80.96841577553445,3.190292,-8.41529473120338,-20.153175,-1.2364996671676636,15.953849452713278,0.8391315398286996,100,-7.581882677110854,100.0,14.915864,15.259168,0.030223431,15,0.9670409330637121,-2.2971563,100.0,14.928207
-0.050541719800019584,-20.430672,0.3404004990006797,-0.97024953,-0.44939684249878215,-11.498168,0.0,-68.456314,100,0.18338844,0.96793514,0.53784543,0.11222559,-0.03613524911593625,-1.0273268012596586,-102.73268012596586,0.0045483379799406976,-68.59332,0.9913827,15.361048966064118,2.4913124649901874,0.8302465,100,-69.68144,0.5648814,32,-0.6638625,3200,0.5414232,5,11.851759214708139,-11.184753648651037,1.988984449999407,100,1.3828133,-11.494982,90,-44.939684249878205,-44.939684249878205,-0.2701367,-0.9332889,0.10262506,-0.4888917,5,0.15221902300254442,0.0,3200,0.023109106,-102.73268012596586,0.003166092006722465,0.0019940630008932203,-0.373516,-1.7959857,18.371868,-2.730085,2.0522294,9000,-118.40565846483166,-80.04046065386079,0.5036564469337463,-20.428602,-82.612273376411,4.0966077,-8.994383997013689,-20.50431,-1.6272516250610352,19.060447669544455,1.186362307819919,100,-19.155854546881557,100.0,15.029459,15.174848,0.04592099,15,1.1061965493073869,-11.10354,100.0,15.032696
-0.037753185610368695,-19.433468,0.33832489798078313,-0.96675855,-0.6711192829153574,-12.507112,0.0,-76.6917,100,0.23196104,0.9750409,9.453043,0.1098542,-0.06756410571923543,-0.7872626996637866,-78.72626996637865,0.004797411005711183,-76.78721,0.97586006,17.864126224041684,2.498728182981722,0.7851024,100,-78.43376,9.473451,37,-0.75051486,3700,0.5017132,5,7.4907761109339885,-10.440869995978025,1.9968039020022843,100,1.3862145,-12.518211,105,-67.11192829153576,-67.11192829153576,-0.3360903,-0.94972,0.13370202,-0.57000095,6,0.15287802298553288,0.0,3700,0.047922637,-78.72626996637865,0.003799764992436394,0.002124184014974162,-0.09099295,-1.5410564,17.786383,-3.638249,2.1577973,10500,-90.74400711040889,-479.30363493257425,0.43764835596084595,-19.45369,-71.36452057308281,3.2776284,-5.356926466655079,-19.372557,-1.7272909879684448,111.0319877701721,1.4245784042761664,100,-19.249406651747275,100.0,13.43811,13.455876,0.0057201767,15,0.5752018069209238,-7.1787167,100.0,13.448499
-0.04139819050510364,-18.022324,0.3350598480028566,-0.9926948,-0.2619777745746524,-13.597931,0.0,-66.30432,100,0.16345893,0.970983,6.1252613,0.08711266,-0.026727913244540442,-0.7681794171644372,-76.8179417164437,0.004066497000167146,-66.23696,0.995767,20.34248825305258,2.474121846986236,0.7209626,100,-69.93907,6.095604,42,-0.724226,4200,0.49228257,5,6.05308663206992,-9.87836168062194,1.9791457450191956,100,1.2829403,-13.556857,120,-26.19777745746524,-26.19777745746524,-0.3499353,-0.93913114,0.109037034,-0.60970783,7,0.15044399799080566,0.0,4200,0.026716309,-76.8179417164437,0.003264206985477358,0.002141551987733692,-0.33074838,-1.6803998,16.686264,-3.1714718,2.1370494,12000,-87.00102878935485,-61.825047807525515,0.3794091045856476,-18.006588,-70.18994847417223,3.7935927,-5.8254853477168576,-17.60444,-2.25817608833313,16.552685981057138,0.8933854022948453,100,-9.720092823064158,100.0,9.810687,10.205519,0.0009503484,15,0.6236585097332485,-0.47892258,100.0,9.825894
-0.03160999758132856,-18.264088,0.3457615730003454,-0.9594894,-0.45556695063993613,-14.36669,0.0,-82.84936,100,0.17561416,0.9836438,0.5432952,0.090703204,-0.16463719766309753,-0.8004169679045676,-80.04169679045674,0.00482015500892885,-83.024216,0.99674165,22.843618694023462,2.496875884011388,0.7173911,100,-80.08919,0.5337253,47,-0.78488374,4700,0.48708582,5,22.30779696855713,-10.078992349145201,1.9913193160027731,100,1.3321047,-14.372421,135,-45.55669506399362,-45.55669506399362,-0.4147948,-0.9472845,0.15662669,-0.67076033,8,0.1498175589949824,0.0,4700,0.02674412,-80.04169679045674,0.0031413469987455755,0.0020159340056125075,-0.2702758,-1.7737808,16.923689,-4.5313196,2.4547913,13500,-111.02859445847004,-74.61372644451517,0.3288668394088745,-18.261442,-53.414358669524056,3.8481765,-9.75216024748981,-18.37293,-2.524160385131836,15.262974374932972,0.9508842828751496,100,-28.202243306463185,100.0,10.518863,10.282813,0.029477641,15,1.0754800675927656,-14.070531,100.0,10.494497
-0.027370587226290776,-20.06415,0.3401494130084757,-0.96742123,-0.40981049028546096,-15.164575,0.0,-71.94852,100,0.19341432,0.9819749,0.22779585,0.09617752,-0.014576115670702435,-0.6746157504497259,-67.46157504497259,0.004324648005422205,-71.94127,0.9879447,25.30830733597395,2.4603775249852333,0.7608596,100,-72.05458,0.23045014,52,-0.85764724,5200,0.47319826,5,12.521059345753965,-10.628855113600265,1.963615080981981,100,1.4047629,-15.111911,150,-40.981049028546096,-40.981049028546096,-0.39637363,-0.96042025,0.11761359,-0.7385396,9,0.14708515600068495,0.0,5200,0.03403992,-67.46157504497259,0.0030945400067139417,0.002108686981955543,-0.1082515,-1.7167367,19.07078,-2.258411,2.3714633,15000,-89.36277192394783,-71.33991433729999,0.28543752431869507,-20.078716,-56.96906641243908,4.305426,-9.337874169394304,-20.218742,-2.6425936222076416,18.75704311499085,1.159693971857823,100,-17.76744661686424,100.0,12.179606,12.167793,0.014802427,15,0.861519385691929,-14.955609,100.0,12.204667
-0.011123392145567802,-18.838352,0.33805126301012933,-0.99158233,-0.3112433893318454,-15.65617,0.0,-59.821968,100,0.1592091,0.98271483,2.6594548,0.0841349,-0.11253749005123587,-0.638545588150595,-63.8545588150595,0.004769360006321222,-59.97681,0.9978528,27.791051683045225,2.478572101041209,0.74139804,100,-59.67769,2.6907568,57,-0.8832405,5700,0.45186925,5,16.002162141846245,-8.222545815004931,1.9789135820174124,100,1.5442709,-15.671917,165,-31.124338933184546,-31.124338933184546,-0.48885363,-0.97491497,0.14172888,-0.77149916,10,0.15191447600955144,0.0,5700,0.018817026,-63.8545588150595,0.0029716489952988923,0.0019517710024956614,-0.21476343,-2.0015178,17.796524,-4.7975693,2.4256246,16500,-93.86854063818303,-54.652328898112486,0.24793747067451477,-18.83142,-49.26179530637849,5.3932304,-8.562498200652637,-18.805893,-3.0880420207977295,10.034825059190528,0.6704810980992699,100,-19.667578760076992,100.0,7.583049,7.822777,0.017862266,15,0.7290555092457143,-0.47115242,100.0,7.5558443
-0.011048378810653228,-20.002321,0.34974664001492783,-0.96778846,-0.28487974059388516,-16.043869,0.0,-69.40143,100,0.19543438,0.98412865,0.3086865,0.09147316,-0.020701641853963934,-0.6996898282688524,-69.96898282688524,0.0048648189986124635,-69.53736,0.9967748,30.291531860100804,2.496250697062351,0.7752696,100,-71.08394,0.33685008,62,-0.9549318,6200,0.46814623,5,17.460576127455706,-10.3681029118286,1.9889792160247453,100,1.4140145,-16.056719,180,-28.48797405938852,-28.48797405938852,-0.51335377,-0.968072,0.16026297,-0.8003624,11,0.14753708001808263,0.0,6200,0.022245128,-69.96898282688524,0.0032503260008525103,0.0018726160051301122,-0.08544213,-1.642965,19.103354,-3.206025,2.4458625,18000,-97.08905546505201,-63.37937657961993,0.21556486189365387,-19.983017,-49.97402084866153,3.7909498,-10.526062628104082,-20.301842,-3.199493408203125,15.55164720838899,1.09183016609165,100,-9.27438559588608,100.0,9.038868,9.147226,0.042535696,15,1.0619392607878246,-15.951919,100.0,9.001661
-0.019562336336962225,-18.485357,0.3449777709902264,-0.9813797,-0.3921626803635869,-16.6332,0.0,-43.27148,100,0.20301175,0.9893647,2.782036,0.09932505,-0.10831915717971193,-0.7737246152623488,-77.3724615262349,0.004806438984815031,-43.33267,0.996721,32.80304354708642,2.5070436280220747,0.6898309,100,-43.49197,2.7968976,67,-1.0609175,6700,0.4697611,5,15.680912247758533,-10.238043734019174,1.9926647970278282,100,1.2911236,-16.626966,195,-39.21626803635869,-39.21626803635869,-0.54932153,-0.98658466,0.045911666,-0.88548,12,0.15942243300378323,0.0,6700,0.0326869,-77.3724615262349,0.0031697580125182867,0.0020024300029035658,-0.07141634,-1.6069891,18.023321,-6.6211166,2.4612393,19500,-92.59873331548539,-68.1650673268105,0.188003271818161,-18.480959,-49.32913359677531,4.057777,-10.499770703470041,-18.308582,-3.4613888263702393,15.340626188958689,1.1341218990379553,100,-15.96905740939391,100.0,4.800482,5.251429,0.040525474,15,1.3586010142111122,-0.4362563,100.0,4.801251
-0.024256399513259058,-19.85572,0.3381127650209237,-0.893404,-0.6293311965678491,-16.68142,0.0,-57.34771,100,0.26345178,0.987086,5.6577916,0.13197419,-0.050095830106719995,-0.5836534644068312,-58.36534644068312,0.004725539009086788,-57.283012,0.99615735,35.30910934807616,2.5017318959871773,0.7895831,100,-57.379856,5.6215014,72,-1.1379282,7200,0.42995617,5,18.558611366691377,-9.946444734020805,2.001446048001526,100,1.2691258,-16.676577,210,-62.93311965678494,-62.93311965678494,-0.5213002,-0.98642766,0.05329021,-0.9297844,13,0.15240880998317152,0.0,7200,-0.0023660355,-58.36534644068312,0.003018107992829755,0.00202062597963959,0.22518477,-1.9956869,19.098768,-2.7849154,2.4883678,21000,-95.41357256137212,-423.4474921662873,0.16427598893642426,-19.839848,-47.855864331811425,4.186499,-10.16289442812457,-19.754187,-3.2052175998687744,97.31525985791654,1.3845567166425476,100,-16.030510573819132,100.0,8.204383,8.615964,0.03309556,15,0.8799950064017362,-0.15796784,100.0,8.204595
-0.017547960529192504,-18.826721,0.33672670400119387,-0.9496416,-0.24187799673324087,-16.529554,0.0,-88.43016,100,0.17644937,0.99007607,5.9461613,0.14157234,-0.02388716318328149,-0.5576759120991657,-55.76759120991657,0.0048125809989869595,-88.458534,0.99803835,37.7549291200703,2.4411853000347037,0.7055156,100,-82.466736,5.915581,77,-1.2652833,7700,0.40291134,5,19.576779161051025,-9.542667871790282,1.9462142180127557,100,1.4509312,-16.54502,225,-24.187799673324086,-24.187799673324086,-0.4452268,-0.9821309,0.04774698,-1.049311,14,0.148414348019287,0.0,7700,0.019996857,-55.76759120991657,0.003022541990503669,0.0019949070119764656,0.33736798,-1.9473603,18.640785,-2.4653146,2.6557899,22500,-88.94161367886193,-54.816988449437424,0.14394539594650269,-18.818228,-36.83819528948999,6.867247,-10.957301891999423,-18.922722,-3.2222886085510254,16.476932136238876,0.980072287988766,100,-5.498816308835689,100.0,8.306655,8.108311,0.030531164,15,1.0559053382482533,-0.49610654,100.0,8.281182
-0.0015221353177114177,-22.080887,0.34134235899546184,-0.98713213,-0.7520498464237597,-16.9146,0.0,-83.36416,100,0.27325514,0.9926821,0.29695433,0.21910498,-0.07697814628413527,-0.6463144420356945,-64.63144420356946,0.004775801004143432,-83.39739,0.99901026,40.218678645120235,2.45888039903366,0.8786552,100,-84.429016,0.2875571,82,-1.3484453,8200,0.40085828,5,15.955053452092017,-10.9548119445065,1.9602705680008512,100,1.4834166,-16.990835,240,-75.20498464237606,-75.20498464237606,-0.38078725,-0.991993,0.07320831,-1.1029642,15,0.14763868701993488,0.0,8200,0.005871536,-64.63144420356946,0.0028577480115927756,0.0019952360016759485,0.64458936,-2.1404648,21.581505,-4.4362936,2.7709506,24000,-91.93948605699423,-607.8641196566638,0.12673452496528625,-22.073658,-45.68613760858096,5.645678,-10.556864383133968,-22.272333,-2.7994742393493652,143.1513389656609,1.720782432677274,100,-18.35490919877217,100.0,12.79014,12.881497,0.032941043,15,1.257985390220484,-16.89162,100.0,12.796547
-0.004051080466076127,-22.619236,0.3480771580070723,-0.9893472,-0.21079000597876968,-17.210794,0.0,-77.371216,100,0.17726615,0.9935702,0.21562976,0.2670676,-0.00024175588202127594,-0.45057916594369074,-45.057916594369075,0.00491039699409157,-77.4675,0.9978343,42.69561143309693,2.47267915395787,0.9890662,100,-77.89213,0.2144513,87,-1.4757587,8700,0.35795572,5,16.70583033179757,-9.773223014358404,1.958922388002975,100,1.7029226,-17.205137,255,-21.079000597876973,-21.079000597876973,-0.38327605,-0.98902416,0.21186274,-1.1721016,16,0.15568988799350336,0.0,8700,0.020444361,-45.057916594369075,0.0030498679843731225,0.0020294549758546054,0.8241321,-2.6590602,22.233152,-4.2879276,2.7819824,25500,-77.48953524566458,-57.09716413550512,0.11188144981861115,-22.616613,-31.951865420574805,6.151348,-9.453714110278561,-22.603178,-2.5752310752868652,15.335722713810993,0.8922379710728419,100,-6.072596120948317,100.0,11.650903,11.701566,0.027838547,15,0.8713882992934778,-16.961636,100.0,11.644005
-0.018191930311120368,-20.192404,0.3368411239935085,-0.995762,-0.5705689898096598,-16.973125,0.0,-68.520035,100,0.25185168,0.9942572,3.1367126,0.2629345,-0.050222265862500164,-0.3926976370952515,-39.26976370952515,0.004863242007559165,-68.555214,0.99823,45.151837108132895,2.451971472008154,0.8554724,100,-69.31026,3.1273715,92,-1.602095,9200,0.34903425,5,7.5140250958836745,-10.765424681545797,1.9580216770118568,100,1.4607922,-17.019165,270,-57.056898980965954,-57.056898980965954,-0.42648515,-0.99280506,0.18845436,-1.3103726,17,0.14712797000538558,0.0,9200,-0.0057810363,-39.26976370952515,0.003100578993326053,0.002016879996517673,0.8089272,-2.174886,20.152115,-5.2410064,2.913038,27000,-53.984113029946954,-452.072264005074,0.09923645853996277,-20.1882,-32.96567217872993,4.28802,-8.198278841507666,-20.252344,-2.751406192779541,107.29571618299151,1.4696496468789744,100,-9.00611224902889,100.0,8.140945,8.460732,0.02378977,15,0.7155836804571118,-0.24142589,100.0,8.126677
-0.017970871884101142,-20.458162,0.3354712009895593,-0.97290504,-0.30863661801093106,-16.9121,0.0,-72.91267,100,0.19367085,0.9951228,0.2553749,0.2857926,-0.050613822989831414,-0.4123089210798321,-41.23089210798322,0.004917819984257221,-73.14478,0.996526,47.63421204610495,2.478002192947315,0.96805274,100,-69.57523,0.23772353,97,-1.6337184,9700,0.3259427,5,2.545258372286101,-9.320118259787279,1.9855971039796714,100,1.7314657,-16.921595,285,-30.86366180109311,-30.86366180109311,-0.32456195,-0.9692291,0.087458804,-1.2997622,18,0.14686460900702514,0.0,9700,0.035095643,-41.23089210798322,0.003063310985453427,0.0020881480013486,1.1413665,-2.5352595,20.88323,-2.2279453,3.1430955,28500,-43.15576986693599,-51.6926760483703,0.08868733048439026,-20.444555,-36.28651668893592,8.074749,-5.442201659515147,-20.630728,-2.0799801349639893,12.00485191181926,0.9563817642808907,100,-11.319504118458044,100.0,9.4482355,9.248697,0.023546375,15,0.6929119710031811,-16.967459,100.0,9.424075
-0.008137859226173768,-20.997839,0.34281628200551495,-0.99950737,-0.34841389290149366,-16.834484,0.0,-77.86194,100,0.17782052,0.99395585,0.051759526,0.31840578,-0.09009929070428112,-0.6868099807677627,-68.68099807677626,0.004185581026831642,-77.92402,0.99887097,50.11618362611625,2.4776495170372073,0.88271105,100,-78.27828,0.051523287,102,-1.850826,10200,0.33263662,5,12.775183285274592,-9.95796246745302,1.9756751169916242,100,1.4510148,-16.851189,300,-34.841389290149365,-34.841389290149365,-0.5170394,-0.98904973,0.0705272,-1.5084407,19,0.14985131498542614,0.0,10200,0.020870557,-68.68099807677626,0.00300348101882264,0.0021177410089876503,1.2571012,-2.307318,21.450893,-2.2459335,2.9773252,30000,-83.93855872059362,-71.87404257475221,0.07978148013353348,-21.000769,-50.039283112898616,6.205498,-11.329056969152472,-21.01825,-1.8782455921173096,14.209358801988216,0.8699800454086171,100,-18.922733645671038,100.0,11.572089,11.496836,0.04750869,15,1.5672646549907068,-16.738335,100.0,11.55394
-0.0178591948545673,-18.001894,0.3361339420080185,-0.9761679,-0.2593872462955567,-16.481281,0.0,-40.8506,100,0.17570768,0.99754393,5.5040197,0.2720847,-0.09132581082165979,-0.3663884608644346,-36.63884608644346,0.00524440300068818,-41.208145,0.9985084,52.57687314905343,2.456861393962754,0.76474994,100,-42.142605,5.521508,107,-1.8679787,10700,0.27425414,5,16.4156241262576,-10.30967822772256,1.9641015209781472,100,1.3292542,-16.514444,315,-25.938724629555665,-25.938724629555665,-0.2881493,-0.9805096,0.0682157,-1.6200752,20,0.1462518740154337,0.0,10700,0.028466227,-36.63884608644346,0.0030316529737319797,0.002098000986734405,1.1058533,-3.029738,18.566002,-4.4933767,2.9086294,31500,-64.96758952411125,-64.44395568147003,0.07237141579389572,-18.002941,-20.98643100028192,4.710163,-8.986072561790008,-17.893103,-2.3478260040283203,15.38885722396404,0.8436054699089509,100,-11.891192116642344,100.0,3.8019824,4.6505995,0.021516817,15,0.856475154602783,-0.12403572,100.0,3.7722626
-0.013899519820139273,-18.533781,0.3431551610119641,-0.98826116,-0.6729136302454917,-16.261322,0.0,-55.991383,100,0.2574332,0.9965495,5.3135448,0.34021792,-0.1044003372144944,-0.5325065860388524,-53.250658603885235,0.0049941850011236966,-56.289948,0.99900556,55.06461575702997,2.4833204580063466,0.8354781,100,-56.09884,5.3152146,112,-1.9935545,11200,0.3055459,5,16.160964156051183,-10.182475422297172,1.9812686220102478,100,1.5374117,-16.284563,330,-67.29136302454923,-67.29136302454923,-0.36552328,-0.9899275,0.046613216,-1.6122845,21,0.14929670799756423,0.0,11200,0.06930807,-53.250658603885235,0.0029009229911025614,0.0017048589943442494,1.3919959,-2.7112398,19.146053,-4.3653173,3.0339587,33000,-72.90666858210768,-525.8907495873583,0.06584688276052475,-18.52636,-32.31944583426118,8.050013,-10.367153487035754,-18.355806,-1.6539160013198853,123.6072773129595,1.6037261973237216,100,-14.925297392512928,100.0,6.4430184,6.82577,0.045233466,15,1.359049870594409,-0.1310055,100.0,6.4202414
-0.011359475270952471,-19.397747,0.3402877560001798,-0.99934685,-0.48419046719627873,-16.027693,0.0,-82.46388,100,0.20281576,0.99718565,2.778223,0.3678003,-0.1479398567288019,-0.41178562248794365,-41.17856224879437,0.004757789021823555,-82.44225,0.99896187,57.52031512206304,2.451556005020393,0.8645998,100,-83.99245,2.7697387,117,-2.1179333,11700,0.2675933,5,6.0361511345379295,-11.02275136545627,1.9493433210009243,100,1.5232173,-16.01197,345,-48.41904671962786,-48.41904671962786,-0.46847466,-0.9944124,0.12325049,-1.6967521,22,0.15157529400312342,0.0,11700,0.017475652,-41.17856224879437,0.0035629580088425428,0.002028886985499412,1.6522517,-2.0231755,20.326954,-3.0405326,3.0638945,34500,-51.32215105659935,-77.8113958204661,0.06085122376680374,-19.392807,-32.937686401983996,7.6050425,-7.277473172762547,-19.506756,-0.9734025001525879,18.688069587261683,1.2147559598327664,100,-25.08115044219638,100.0,10.76454,11.044006,0.024155755,15,0.735336080437854,-0.12219658,100.0,10.789916
-0.01140868682354333,-18.617004,0.3451611549826339,-0.7709958,-0.42340775069993886,-15.893654,0.0,-86.3186,100,0.20635933,0.9965461,2.5545537,0.4125017,-0.1223987459360408,-0.32215130395408914,-32.215130395408906,0.004807444987818599,-86.28236,0.99887663,59.97852458510897,2.45396425598301,0.87880373,100,-83.461494,2.5743985,122,-2.09482,12200,0.24746037,5,6.956796734870204,-10.415951035061918,1.95019809200312,100,1.6336906,-15.918747,360,-42.340775069993875,-42.340775069993875,-0.42530555,-0.99361086,0.18411666,-1.7129117,23,0.1487050740106497,0.0,12200,0.039597612,-32.215130395408906,0.002954416995635256,0.0021380730031523854,1.7635046,-2.270468,19.724121,-2.4580386,3.145425,36000,-43.82656244342817,-71.84523332625723,0.05649092048406601,-18.627234,-24.05765050565397,9.013021,-6.491641103855336,-18.446077,-0.6795743703842163,17.794772735707948,1.2387580811692722,100,-14.907751715021577,100.0,9.023848,8.988184,0.02594068,15,0.6261695519671682,-1.0790727,100.0,9.02889
-0.017169297058637026,-18.296019,0.34554229900822975,-0.78539306,-0.7267404437893757,-15.377508,0.0,-85.96406,100,0.27525192,0.99829143,2.5427883,0.39862925,-0.10136039448921512,-0.29727354016850505,-29.727354016850505,0.005448784999316558,-85.947464,0.9982732,62.44081948811072,2.4582941190165,0.8083782,100,-83.360664,2.545364,127,-2.231168,12700,0.22124681,5,7.357766578234249,-11.304872288319565,1.9543366450234316,100,1.3513103,-15.403678,375,-72.67404437893752,-72.67404437893752,-0.45363975,-0.9962649,0.0390598,-1.850192,24,0.14792313397629187,0.0,12700,0.07606028,-29.727354016850505,0.0030626710213255137,0.0019805849879048765,1.6865628,-2.4885778,19.234125,-3.2711492,3.0938833,37500,-43.09936070132338,-575.4560972063817,0.053660497069358826,-18.297113,-22.58850595577514,5.9663625,-6.369604215654551,-18.322744,-0.9167993068695068,135.22845565867735,1.7094448474362787,100,-14.682413330361005,100.0,10.00631,9.964165,0.019529067,15,0.5710791402886177,-0.2817634,100.0,10.016297
-0.008147178840466417,-16.952738,0.3371881220082287,-0.9012502,-0.23505442676204447,-15.043827,0.0,-50.17217,100,0.19858624,0.9978515,0.0788865,0.38482708,-0.004767460900922104,-0.4682654675010633,-46.826546750106345,0.0049187359982170165,-50.171574,0.9991916,64.94256998412311,2.4974765720253345,0.769193,100,-50.234146,0.07837773,132,-2.2908168,13200,0.27008116,5,16.810892598351955,-11.06659862772668,1.9945820159919094,100,1.4368572,-15.093313,390,-23.505442676204453,-23.505442676204453,-0.62914515,-0.99796253,0.13979085,-1.9404931,25,0.15559723202022724,0.0,13200,0.03310409,-46.826546750106345,0.0031558579939883202,0.0020346080127637833,1.7807322,-2.2313893,18.209227,-2.118968,3.0506687,39000,-71.16690503894344,-60.58345416805336,0.05093223974108696,-16.9626,-24.69179722335763,5.9241495,-10.05052670119315,-17.163937,-0.6527929902076721,16.681721344937863,1.0585759119199134,100,-4.500627908195129,100.0,5.1716986,5.19814,0.0498983,15,1.354450739037406,-15.197115,100.0,5.1875925
-0.010211648890947807,-18.033066,0.34002098499331623,-0.9967076,-0.2669854576830791,-14.77177,0.0,-60.036613,100,0.17942189,0.99717426,0.11379227,0.46312165,-0.0697574643311984,-0.44167430700321847,-44.16743070032184,0.004789030994288623,-60.00613,0.9989101,67.38511991713312,2.4379578120133374,0.9182068,100,-59.663414,0.11417649,137,-2.3604028,13700,0.265332,5,16.18248240839617,-10.599192367532467,1.9389133710064925,100,1.4356004,-14.748092,405,-26.698545768307902,-26.698545768307902,-0.36056542,-0.99593973,0.16528213,-1.9109634,26,0.14924066499224864,0.0,13700,0.022580266,-44.16743070032184,0.0030170050158631057,0.0019767550111282617,2.2081041,-2.4682274,19.660818,-1.2462626,3.4078023,40500,-66.54974591079257,-65.88475716371318,0.049846500158309937,-18.057615,-23.99054705838844,7.672286,-9.633658324282088,-18.206797,0.6240610480308533,14.770719518990846,0.8918730794137971,100,-10.281851559288388,100.0,8.545816,8.4417,0.02255798,15,1.2404965016040739,-14.85379,100.0,8.567146
-0.003812208698632241,-16.717056,0.3420281459984835,-0.9984791,-0.283749056272154,-14.31171,0.0,-77.50597,100,0.15891789,0.9979808,2.1937969,0.41843086,-0.06944030195766492,-0.37407088840775377,-37.40708884077536,0.0054299339826684445,-77.57102,0.99853843,69.86501533412957,2.475347196974326,0.82852614,100,-79.829124,2.1923854,142,-2.2926881,14200,0.23899633,5,12.144157742378061,-10.50148723381319,1.9711062599963043,100,1.6951247,-14.319124,420,-28.3749056272154,-28.3749056272154,-0.4536782,-0.9883477,0.15894228,-1.9237975,27,0.15169011600664817,0.0,14200,0.015099992,-37.40708884077536,0.0030636530136689544,0.002029087976552546,1.8780087,-2.5056632,17.854582,-4.1117945,3.3764002,42000,-52.27029630143562,-68.33884810703192,0.04920291155576706,-16.717615,-21.032632987423526,7.3392963,-7.653322804159133,-16.87959,-0.3674089014530182,17.116464449452458,0.8208764901128636,100,-15.6053851328117,100.0,7.983073,8.252573,0.026456727,15,0.8925247916229808,-0.3066484,100.0,7.96343
-0.005894432787776416,-15.295659,0.3385245760146063,-0.9942746,-0.24083306011423788,-14.177576,0.0,-25.710737,100,0.19362643,0.997931,2.0488226,0.4050323,-0.04213161370975486,-0.3433797917409052,-34.33797917409052,0.004362545994808897,-25.824429,0.99881554,72.33540278219152,2.465597200061893,0.7482583,100,-25.628746,2.061525,147,-2.3136451,14700,0.2488545,5,13.41420339925276,-9.256984270563628,1.9688443730119616,100,1.2216971,-14.1376505,435,-24.08330601142379,-24.08330601142379,-0.49861658,-0.9973595,0.037789203,-1.9386704,28,0.1491466260049492,0.0,14700,0.014315877,-34.33797917409052,0.0030653320136480033,0.0016537470219191164,1.9635435,-2.5522523,16.841934,-2.5286362,2.8481622,43500,-50.799370799885196,-47.578863258250806,0.047768231481313705,-15.297895,-19.501646534041075,6.643615,-8.9189700552047,-15.331629,-0.11087466031312943,9.366233928673712,0.811351380815288,100,-13.917534455661311,100.0,2.338802,2.7737026,0.01313019,15,0.9875505442190247,-0.42206085,100.0,2.3217254
-0.006932477276407389,-17.013918,0.34341107500949875,-0.97988033,-0.31371410422770885,-13.920255,0.0,-83.58984,100,0.2025275,0.9976571,0.09396237,0.45304516,-0.06167425130381416,-0.24739565276084738,-24.739565276084736,0.004769611987285316,-83.63134,0.9990432,74.82320217820234,2.483273978024954,0.80287135,100,-81.94168,0.098127685,152,-2.4219854,15200,0.20542324,5,13.806725519604493,-10.29124073315987,1.9785457359976135,100,1.2324767,-13.932946,450,-31.371410422770882,-31.371410422770882,-0.24463007,-0.9934059,0.1331093,-2.0375588,29,0.1514895030122716,0.0,15200,0.033556286,-24.739565276084736,0.0030597849981859326,0.001998267020098865,2.0973864,-3.1581552,18.233885,-2.001515,3.419719,45000,-50.658896731305425,-60.884363360257666,0.04667618125677109,-17.004192,-14.330603785516837,7.5345793,-8.082189384743847,-17.054876,0.2984466552734375,15.33555079217346,1.1070526301398036,100,-7.652668735856191,100.0,10.113938,9.8885765,0.021110345,15,0.7113024914886885,-13.873984,100.0,10.112235
-0.012675976226720207,-15.66993,0.34032993199070916,-0.9957823,-0.2592117154044667,-13.6844845,0.0,-63.129635,100,0.19002065,0.9978367,1.9129547,0.47316572,-0.02629468896481557,-0.3431982299242219,-34.319822992422196,0.004770768020534888,-62.99812,0.99965763,77.30591585426009,2.4782432100037113,0.7998874,100,-63.58335,1.9205289,157,-2.3492746,15700,0.2454664,5,15.292959620064645,-10.306424910385362,1.9827842349768616,100,1.3259642,-13.672269,465,-25.921171540446664,-25.921171540446664,-0.41089684,-0.99809176,0.15524206,-1.9040598,30,0.14572382598998956,0.0,15700,0.021330444,-34.319822992422196,0.003023035009391606,0.001611414016224444,2.0359783,-2.6395712,17.24379,-2.6115654,3.2307687,46500,-60.953757073648475,-57.844171774273825,0.0484878271818161,-15.673777,-15.732333903537667,6.833183,-9.719312203436171,-15.606005,0.10888473689556122,16.74231218582679,0.9744186872563391,100,-7.561042867112926,100.0,6.4426284,6.688275,0.031485673,15,1.0133159682089932,-0.1471007,100.0,6.446254
-0.0017822452044477354,-15.895184,0.3455864879942965,-0.9992257,-0.6070450798506241,-13.391552,0.0,-68.41929,100,0.28453726,0.996537,3.6098325,0.47895473,-0.06555598539574173,-0.47194602262313967,-47.19460226231397,0.004808193014468998,-68.743774,0.9999271,79.8123644652369,2.5017977799871005,0.8431082,100,-70.00348,3.6206527,162,-2.366151,16200,0.2613358,5,17.629015717293274,-8.313600485868822,1.9965220629819669,100,1.5457643,-13.399536,480,-60.70450798506242,-60.70450798506242,-0.06779677,-0.9987117,0.13397767,-1.9740195,31,0.14972051201038994,0.0,16200,0.01667245,-47.19460226231397,0.0031479909957852215,0.0020125329901929945,1.9907851,-3.5281281,17.413061,-2.734867,3.3907113,48000,-73.8997917812675,-551.3755575665454,0.0494440421462059,-15.896489,-28.253410443331386,7.3274465,-9.80292912032714,-15.682034,-0.02770817093551159,131.69277329292126,1.5999105083280034,100,-10.322868064542146,100.0,7.7474074,8.070882,0.043453593,15,1.2399658424676596,-0.23795067,100.0,7.7277684
-0.002359630289225136,-16.588287,0.33870438300073147,-0.5921339,-0.37082832024694273,-13.144881,0.0,-72.69344,100,0.22128063,0.9980435,1.7605873,0.4212661,-0.042322689028433835,-0.28556879054071704,-28.556879054071715,0.0049637240008451045,-72.655685,0.998925,82.34335868328344,2.5262570670456626,0.722682,100,-73.586266,1.779406,167,-2.4724507,16700,0.21516784,5,15.236570196418063,-10.6123589275629,2.0299554460216314,100,1.2871833,-13.140723,495,-37.08283202469428,-37.08283202469428,-0.596069,-0.99400014,0.13018347,-2.0856261,32,0.14716547200805508,0.0,16700,0.0334665,-28.556879054071715,0.003039111994439736,0.0024289300199598074,2.0450125,-2.3918457,17.759712,-1.8717332,3.2574105,49500,-47.57250092850635,-63.223955166194315,0.049265891313552856,-16.576435,-13.07701025321269,7.2545595,-8.61696207923575,-16.51061,0.13551896810531616,20.322611839287077,1.3991294955110725,100,-5.71317950361485,100.0,11.55332,11.798523,0.033100493,15,0.8776996689197436,-0.2741811,100.0,11.534026
-0.0061933255461763745,-14.7889185,0.3457259300048463,-0.96275425,-0.2854731920073666,-12.681433,0.0,-55.579247,100,0.19920067,0.9968376,0.17089006,0.47408295,-0.04283342211095382,-0.38830940222291144,-38.83094022229115,0.0041694510146044195,-55.687244,0.9993858,84.83451099231024,2.486407937016338,0.7665453,100,-55.187653,0.16384225,172,-2.404296,17200,0.23859945,5,19.17574243415481,-9.872488174775055,1.9834100550215226,100,1.5152416,-12.70901,510,-28.547319200736673,-28.547319200736673,-0.41427916,-0.9984,0.19867966,-1.9967517,33,0.1477671909960918,0.0,17200,0.026656076,-38.83094022229115,0.003337531990837306,0.0019977779884357005,1.9153786,-2.7531998,16.40735,-4.092505,3.2350657,51000,-70.25469283854761,-60.859069290655476,0.0520184300839901,-14.796839,-22.88871643273537,8.7968235,-10.087591012534059,-14.969154,-0.25014662742614746,14.726707085487138,1.0105933380932535,100,-8.595041973792641,100.0,7.1880207,7.0248585,0.03746538,15,1.1319977018092267,-12.808417,100.0,7.1898093
-0.004358078982211051,-14.760467,0.35428076100652106,-0.9843588,-0.1819449806552907,-12.527724,0.0,-64.58073,100,0.18309851,0.9965907,1.8304355,0.4780472,-0.006942634313975769,-0.3553270692025017,-35.53270692025016,0.004745728976558894,-64.55286,0.99898726,87.37241126023582,2.5333463779534213,0.7767648,100,-64.41649,1.8502306,177,-2.471875,17700,0.24431977,5,19.0451045429488,-10.404202146052725,2.015991477004718,100,1.365479,-12.5408325,525,-18.194498065529068,-18.194498065529068,-0.3070398,-0.9977286,0.07261905,-2.0382895,34,0.15335340099409223,0.0,17700,0.01613462,-35.53270692025016,0.002995232993271202,0.001979776978259906,2.0174248,-3.0325618,16.200438,-2.776885,3.0670826,52500,-65.09086861958271,-57.74989228651844,0.050418075174093246,-14.761487,-16.758590969193442,9.03667,-9.714694552331357,-14.793044,0.05205421522259712,14.561053035249945,0.8987920152574248,100,-1.8984157520990395,100.0,7.3885717,7.642436,0.029592274,15,1.1182231755279604,-0.7641123,100.0,7.392694
-0.004369259747649756,-14.584469,0.3420624249847606,-0.825486,-0.5212999104093858,-12.231538,0.0,-57.86142,100,0.28501534,0.9957799,3.0787258,0.5133263,-0.0273068481077351,-0.5007368079327015,-50.073680793270135,0.004823393013793975,-58.053772,0.99957454,89.8473038583179,2.470666177017847,0.8686284,100,-58.118404,3.062012,182,-2.382987,18200,0.25763494,5,19.025139596922983,-8.255868015482127,1.967689374985639,100,1.5052112,-12.226804,540,-52.12999104093856,-52.12999104093856,-0.40504286,-0.99807215,0.18599898,-1.9601963,35,0.15101455402327701,0.0,18200,0.0032253587,-50.073680793270135,0.003059931012103334,0.002016498998273164,2.1640441,-2.8756628,16.321785,-3.0233235,3.3553088,54000,-69.45348546166237,-515.9153691917712,0.04903851076960564,-14.57558,-16.17813714664781,7.342295,-10.459187362209308,-14.478695,0.49463462829589844,124.38600489609176,1.4539066286793798,100,-4.842651181753641,100.0,6.920152,7.1923075,0.030613951,15,1.49925237208229,-0.34520668,100.0,6.900885
-0.004024673485011185,-13.7157755,0.333196368010249,-0.52090174,-0.2268227858428991,-12.121512,0.0,-68.60579,100,0.18254794,0.99606806,2.9143322,0.39689347,-0.020508062658926008,-0.2763375566471533,-27.633755664715316,0.004807000979781151,-68.75048,0.9991737,92.31536973424954,2.4639842539618257,0.62719387,100,-69.67146,2.9360914,187,-2.4822907,18700,0.20981696,5,16.910076109446535,-10.151564284415473,1.9688322439906187,100,1.3863851,-12.141704,555,-22.682278584289914,-22.682278584289914,-0.5504525,-0.98030883,0.15941763,-2.0934522,36,0.14419143297709525,0.0,18700,0.026651133,-27.633755664715316,0.0029719560116063803,0.009985251992475241,1.9083024,-2.5551853,15.044875,-3.1399498,3.4232905,55500,-60.564041048314046,-59.99790853276284,0.050368621945381165,-13.722491,-15.07819207734911,8.142573,-9.444113974163498,-13.426558,-0.27402085065841675,17.67453372928102,1.0160976863138358,100,-3.331215185890245,100.0,6.6089973,6.9242706,0.031401742,15,0.8764036898296832,-0.1533453,100.0,6.58635
-0.006347574939223589,-12.60134,0.3410813920199871,-0.99976534,-0.5243325125254236,-11.731494,0.0,-28.77598,100,0.28861052,0.99681836,0.06464081,0.42591858,-0.033188077436609134,-0.2988209681814194,-29.88209681814194,0.004843772010644898,-28.931816,0.9986626,94.83265935827512,2.512746753025567,0.6469718,100,-29.437798,0.062162455,192,-2.469939,19200,0.23465429,5,13.713451538817175,-8.30629238923367,2.0071046630037017,100,1.2124846,-11.731401,570,-52.43325125254231,-52.43325125254231,-0.36122963,-0.9976488,0.09048809,-2.0463037,37,0.1464075850090012,0.0,19200,0.012948152,-29.88209681814194,0.0030551459931302816,0.010254194989101961,1.8777809,-1.8083715,14.181927,-1.2814122,3.002638,57000,-57.13352812523743,-487.15591081273175,0.052358172833919525,-12.595111,-21.235223361417088,6.3481236,-9.223673606939562,-12.688735,-0.3605087697505951,116.4991212228275,1.4178684673840345,100,-5.542076348869162,100.0,2.3436873,2.286348,0.021263702,15,0.8830956676288534,-11.727279,100.0,2.3142664
-0.006577329372767402,-12.397317,0.3340133519959636,-0.99206,-0.25492732072011137,-11.446779,0.0,-32.37125,100,0.18900837,0.99783677,0.058481414,0.38286895,-0.040001605539688914,-0.32344138404174944,-32.34413840417493,0.004146345978369936,-32.140686,0.9994097,97.30060629520449,2.4638218289765064,0.6177045,100,-33.10339,0.059292525,197,-2.3797634,19700,0.2469834,5,7.824875272768335,-10.819470917692453,1.976533836015733,100,1.1697118,-11.462263,585,-25.49273207201114,-25.49273207201114,-0.29579094,-0.9979933,0.07064762,-2.046907,38,0.14402094899560325,0.0,19700,0.015819367,-32.34413840417493,0.003035263012861833,0.0020720829779747874,1.6835449,-3.0375464,13.87506,-2.622483,2.9105985,58500,-41.510454846294124,-63.0363076283178,0.049543388187885284,-12.389081,-19.224227384294764,4.870971,-7.005344597016852,-12.588963,-0.9508481621742249,16.729138695107917,0.9819704509422185,100,-6.740004678052069,100.0,3.1758578,3.228927,0.032697,15,0.8613961706354075,-11.527063,100.0,3.1764958
-0.007380756128298655,-12.85981,0.3371097799972631,-0.9391914,-0.21113143259064862,-11.381919,0.0,-50.507217,100,0.19235465,0.99713594,0.037006274,0.497711,-0.02896638591501899,-0.21186710858533397,-21.186710858533395,0.004034989018691704,-50.491795,0.99851704,99.76071596925613,2.4555847180017736,0.6888664,100,-50.064613,0.034764066,202,-2.5207105,20200,0.19339873,5,11.453002420707271,-10.64564129982223,1.9664416020095814,100,1.3179001,-11.404577,600,-21.11314325906486,-21.11314325906486,-0.52903855,-0.9956226,0.13145798,-2.1452289,39,0.1428786389878951,0.0,20200,0.026685743,-21.186710858533395,0.0030904400045983493,0.002029267983743921,2.1499333,-2.133656,14.779191,-2.8648934,3.1535347,60000,-43.76312279818908,-62.85907364962797,0.05059570074081421,-12.865814,-13.19815753813376,6.4852033,-7.9269035935123275,-12.866228,0.44741687178611755,14.925356513362734,0.9108123618676153,100,-6.347005930266449,100.0,5.038453,5.0295672,0.020041127,15,0.6073016367464866,-11.32158,100.0,5.056202
-0.01109464164261416,-13.03308,0.3390182279981673,-0.91807514,-0.9385178538156524,-11.101346,0.0,-60.923527,100,0.35429746,0.9981609,1.3131642,0.43600002,-0.08913858997265625,-0.2224651737700729,-22.246517377007297,0.004729061998659745,-60.81952,0.99969316,102.23228027520236,2.4672186889802106,0.66158223,100,-60.827106,1.3139927,207,-2.5115354,20700,0.19834368,5,7.235316878565812,-9.093317484793218,1.9736930429935455,100,1.2205619,-11.084276,615,-93.8517853815653,-93.8517853815653,-0.5519565,-0.9980569,0.11541655,-2.1483436,40,0.14489829100784846,0.0,20700,0.07283891,-22.246517377007297,0.0028658100054599345,0.002014254976529628,2.0680678,-2.4371762,14.66643,-1.3630283,3.3416107,61500,-36.287602896266606,-565.2980373078545,0.052504897117614746,-13.0419655,-16.637269402413217,7.6983805,-6.696483964396353,-12.950945,0.20058800280094147,167.99407557180206,1.9013899595791468,100,-10.729904948031237,100.0,7.823158,7.878697,0.02143241,15,0.5278715841074084,-0.4606465,100.0,7.831113
-0.008679441772910223,-12.761114,0.3587568640068639,-0.99143285,-0.275446159872787,-10.857598,0.0,-42.149044,100,0.19369122,0.9968708,0.1628109,0.52584314,-0.023176047930180025,-0.40791781849873077,-40.791781849873075,0.004950242990162224,-41.82745,0.9987421,104.77090938822948,2.534470991959097,0.77778757,100,-42.866776,0.14692168,212,-2.5327406,21200,0.24877043,5,15.309862944216695,-9.908130329626577,1.9995522419922054,100,1.1059668,-10.84576,630,-27.544615987278696,-27.544615987278696,-0.51691335,-0.988858,0.12066745,-2.0880613,41,0.16618417997960933,0.0,21200,0.035327137,-40.791781849873075,0.003149718977510929,0.0018777440127450973,2.2112985,-2.6894395,14.430975,-1.4981662,2.9328089,63000,-64.53693782249297,-57.9555411712622,0.05349411815404892,-12.77577,-23.186889691411768,6.054243,-9.732566218774718,-12.953041,0.6187199354171753,17.482876890343395,1.1211380672742117,100,-4.094540767597964,100.0,5.1486087,5.265622,0.041407056,15,1.2357483854378144,-10.94376,100.0,5.165467
-0.007901769604747031,-12.335392,0.3448442060034722,-0.9991825,-0.5824907884732223,-10.663935,0.0,-68.37686,100,0.26386505,0.9970965,0.03918877,0.42131585,-0.0405533099768633,-0.3224801937180554,-32.24801937180555,0.0047141999821178615,-68.26649,0.9989052,107.27982922512456,2.5051419429655652,0.59792894,100,-68.70792,0.038279407,217,-2.4689236,21700,0.2405376,5,17.581624642134614,-10.587838132499469,2.0016762409941293,100,1.2441269,-10.685619,645,-58.2490788473222,-58.2490788473222,-0.49100986,-0.99457395,0.11818232,-2.0686896,42,0.14892918401164934,0.0,21700,0.0646178,-32.24801937180555,0.0028498359897639602,0.0021282759844325483,1.710294,-1.4766773,13.64275,-3.969568,3.1333542,64500,-65.4459174718472,-445.9883280499924,0.05486372858285904,-12.341944,-13.54273608866885,5.7657037,-10.12367752199409,-12.414011,-0.8409287333488464,104.91625777136599,1.52560714704757,100,-5.606974775187034,100.0,7.401184,7.3489323,0.018210411,15,0.9898366950184964,-10.727433,100.0,7.4086137
-0.0019704170792489077,-12.440812,0.34519571700366214,-0.99476695,-0.3211234909139275,-10.468655,0.0,-62.838722,100,0.20378387,0.9971532,2.2430568,0.4617471,-0.03206454657060647,-0.3117616162529147,-31.176161625291478,0.004842781985644251,-62.710434,0.9987954,109.78888532612473,2.5049567599780858,0.68953955,100,-62.665524,2.2537973,222,-2.4751737,22200,0.22692455,5,10.840397740070278,-11.237107997194995,1.9974445830157492,100,1.3654069,-10.475848,660,-32.11234909139275,-32.11234909139275,-0.4899558,-0.99108183,0.09846201,-2.0402,43,0.15234045599936508,0.0,22200,0.034267623,-31.176161625291478,0.003118684981018305,0.002014536992646754,2.0080576,-2.4322178,14.084255,-3.0787582,3.1516774,66000,-47.898708001693386,-64.14445141921198,0.05316188186407089,-12.449458,-14.647087792108971,6.6860714,-7.80130517944408,-12.371761,0.023643989115953445,18.409920527276796,1.2525476333895809,100,-4.128407025051177,100.0,7.3377647,7.5642433,0.03331038,15,0.8787461634501567,-0.08048767,100.0,7.3463025
-0.005852630343612184,-11.665306,0.35613866499625146,-0.84574515,-0.7889265208821503,-10.372079,0.0,-38.425842,100,0.30691212,0.99850136,3.2184348,0.48608407,-0.01670367835113607,-0.47155413062614737,-47.155413062614734,0.0048426220018882304,-38.06576,0.9992776,112.26109896405251,2.4678912089730147,0.72239816,100,-37.93685,3.2275922,227,-2.45187,22700,0.2519927,5,6.949178744018025,-10.87214933105505,1.9489438839955255,100,1.0695355,-10.391158,675,-78.89265208821506,-78.89265208821506,-0.54100615,-0.9982029,0.08865018,-2.0102901,44,0.15273750200867653,0.0,22700,0.11234673,-47.155413062614734,0.003224402986234054,0.002004132984438911,2.0076585,-2.3878589,13.119816,-1.0099783,2.8136525,67500,-55.36572524778999,-443.0111146257472,0.052350275218486786,-11.661266,-35.1855204513267,6.2007527,-8.881709722556973,-11.392405,0.022592198103666306,141.9130584113894,1.7293136295531493,100,-3.7134374783548383,100.0,3.615241,4.12185,0.050606567,15,1.3548218118675124,-0.14055783,100.0,3.658673
-0.005633587883146018,-11.910256,0.3410159740014933,-0.9998004,-0.4605981325479309,-10.09291,0.0,-63.31133,100,0.26222172,0.99631655,2.0910883,0.49705154,-0.020386489977211136,-0.5134631957621546,-51.346319576215436,0.004768258979311213,-63.180946,0.9988956,114.74671121608117,2.4813141739869025,0.7301051,100,-64.40581,2.0856326,232,-2.5351405,23200,0.287105,5,29.04401117099757,-8.727286969771827,1.9848134120111354,100,1.1006562,-10.095096,690,-46.05981325479306,-46.05981325479306,-0.48907337,-0.99086773,0.17827313,-2.106257,45,0.14579907900770195,0.0,23200,0.003552114,-51.346319576215436,0.0028704289870802313,0.0020470210001803935,2.1262271,-2.6059842,13.674444,-1.5366209,3.256414,69000,-107.36721214005671,-357.854888496172,0.052473682910203934,-11.910072,-28.27706862449045,5.8239336,-8.705254132022837,-11.895879,0.37205612659454346,84.1531587421684,1.2516709698918072,100,-4.274816256721749,100.0,6.32607,6.61767,0.0045589223,15,1.2962856718502993,-0.036877967,100.0,6.327701
-0.0030219792776830343,-11.064203,0.3391809030144941,-0.96322876,-1.0002254595713063,-10.074221,0.0,-30.6007,100,0.378957,0.9980957,0.027011395,0.45901003,-0.004733345118776308,-0.4056239797118218,-40.56239797118218,0.004795741988345981,-30.930948,0.99877304,117.21563444804633,2.4646570819895715,0.61674374,100,-31.312109,0.032229744,237,-2.5614717,23700,0.24098212,5,8.75954618352363,-10.483896772228489,1.9648545550007839,100,1.1666715,-10.065379,705,-100.02254595713082,-100.02254595713082,-0.47755665,-0.99818414,0.1514197,-2.172388,46,0.15016459798789583,0.0,23700,0.07049959,-40.56239797118218,0.0035937430220656097,0.0020675409759860486,1.909803,-2.0030572,12.660877,-3.3968544,2.9202647,70500,-55.78515189633153,-584.2126366731678,0.0553312823176384,-11.069594,-28.83269448103706,5.2493134,-9.144944972081811,-11.051432,-0.26107415556907654,176.4114936504661,2.0614024812310427,100,-8.009882470555487,100.0,2.8188798,2.8516715,0.037543554,15,1.1576392779618812,-9.999671,100.0,2.7871475
-0.004825229687314476,-12.750299,0.37010166700929403,-0.6699783,-0.5070023081644226,-9.825375,0.0,-63.304764,100,0.25691637,0.9961368,1.0353535,0.5662451,-0.029310363635582485,-0.29810571967417226,-29.81057196741723,0.00482500100042671,-63.208164,0.9991781,119.83957342908252,2.619514637015527,0.8793178,100,-63.99492,1.0310352,242,-2.4881916,24200,0.21251778,5,14.754020004066687,-10.161052406357575,2.0578814600012265,100,1.7012666,-9.812489,720,-50.70023081644224,-50.70023081644224,-0.43284854,-0.98714554,0.20703346,-1.9426144,47,0.1813101320003625,0.0,24200,0.06761547,-29.81057196741723,0.003400246991077438,0.0019961300131399184,2.0109892,-3.2634938,14.519066,-4.440196,3.1154418,72000,-57.53446506346867,-407.8740922466279,0.05590914934873581,-12.761805,-13.871572401606274,8.054857,-8.960652125058159,-12.742733,0.03169295936822891,96.88294405428717,1.379372750850143,100,-7.296144712553898,100.0,8.371534,8.505756,0.029120853,15,0.8760287509075438,-0.7641123,100.0,8.393143
-0.008447118039349092,-12.102508,0.3420140249945689,-0.9987985,-0.48404331271169787,-9.611959,0.0,-69.56458,100,0.27691245,0.9968419,0.10562223,0.48770514,-0.007291653579221114,-0.289942325456539,-28.994232545653908,0.0052372800128068775,-69.68746,0.99909043,122.93135236113449,3.0875769250269514,0.7642372,100,-67.42472,0.0923439,247,-2.5447319,24700,0.23560123,5,12.923575196645203,-10.014461874527283,2.5825413140119053,100,1.3201228,-9.628847,735,-48.40433127116979,-48.40433127116979,-0.4034013,-0.99698436,0.14082918,-2.1375527,48,0.15254100700258277,0.0,24700,0.0030167466,-28.994232545653908,0.00322793101076968,0.002015367994317785,2.2159922,-2.5027783,13.877152,-2.2881598,3.2049127,73500,-52.749308316079784,-434.28415806140856,0.05641491711139679,-12.100581,-16.221570790661648,7.5231323,-9.130933973416491,-12.175917,0.6210468411445618,104.53341317331174,1.4238997545711687,100,-1.2499288061562668,100.0,8.620527,8.46845,0.02886319,15,0.9007660151358621,-9.6449175,100.0,8.637053
-0.004049850787747126,-12.479242,0.5277932909957599,-0.5794071,-0.281987197069403,-9.630556,0.0,-80.47243,100,0.20530854,0.9970092,3.8665946,0.5293214,-0.003643578723486422,-0.34707532764577886,-34.707532764577884,0.0049800199922174215,-80.39827,0.9985531,125.90211541508324,2.9662168139766436,0.8004154,100,-78.59225,3.8552198,252,-2.5585856,25200,0.23299454,5,14.92279622872051,-10.336439991429337,2.2104462219867855,100,1.3112836,-9.628677,750,-28.19871970694029,-28.19871970694029,-0.50355893,-0.9950255,0.1877609,-2.0119648,49,0.21481053499155678,0.0,25200,0.025428347,-34.707532764577884,0.005983516020933166,0.0022032299893908203,2.0184813,-2.25843,13.926863,-2.1566775,3.138998,75000,-58.90249579303724,-59.604618046991845,0.055949900299310684,-12.46991,-13.177910409577969,5.8420687,-9.388119815314301,-12.03325,0.05328572168946266,16.332099980931318,1.1398241836786975,100,-4.614378781104293,100.0,9.640842,9.775886,0.041840874,15,1.069571512042159,-0.061366484,100.0,9.641242
