replay_buffer/size,trainer/Alpha,evaluation/Average Returns,trainer/Q Targets Mean,exploration/Actions Min,evaluation/num paths total,exploration/Returns Mean,time/exploration sampling (s),evaluation/Returns Std,trainer/QF2 Loss,trainer/QF1 Loss,evaluation/path length Mean,exploration/num steps total,evaluation/Actions Std,trainer/Policy mu Min,trainer/Q2 Predictions Min,trainer/Q1 Predictions Min,exploration/Actions Max,trainer/Policy mu Std,exploration/Returns Std,exploration/Rewards Mean,time/data storing (s),Epoch,evaluation/Actions Max,exploration/Actions Mean,exploration/Actions Std,exploration/Rewards Std,evaluation/Returns Max,time/epoch (s),trainer/Policy log std Min,exploration/Num Paths,trainer/Policy log std Mean,evaluation/Returns Min,evaluation/num steps total,trainer/Policy mu Max,trainer/Policy log std Max,exploration/num paths total,evaluation/path length Std,time/training (s),exploration/Rewards Max,evaluation/Rewards Mean,trainer/Q2 Predictions Mean,exploration/path length Mean,trainer/Log Pis Max,evaluation/Rewards Max,exploration/Average Returns,exploration/Returns Max,time/evaluation sampling (s),trainer/Alpha Loss,trainer/Policy Loss,trainer/Policy mu Mean,exploration/path length Std,trainer/Log Pis Std,evaluation/path length Max,time/total (s),trainer/Log Pis Min,evaluation/Returns Mean,trainer/Q Targets Std,evaluation/Rewards Std,trainer/Q1 Predictions Std,exploration/Returns Min,trainer/Q1 Predictions Mean,trainer/Log Pis Mean,evaluation/Num Paths,evaluation/path length Min,trainer/Policy log std Std,trainer/Q Targets Max,evaluation/Rewards Min,trainer/Q1 Predictions Max,time/saving (s),exploration/path length Max,exploration/path length Min,evaluation/Actions Mean,trainer/Q2 Predictions Max,trainer/Q Targets Min,evaluation/Actions Min,time/logging (s),exploration/Rewards Min,trainer/Q2 Predictions Std
700,0.9997000694274902,6521.345568035105,20.091402,-0.9978237,10,1826.1599355608512,0.3875172949919943,8013.640476788876,1621.6274,1621.5901,150.0,700,0.00068299496,-0.00056924904,-5.4031378e-05,0.0009267067,0.9983575,0.0006905324,3149.9181606395186,14.609279484486805,0.003847384999971837,0,0.001386404,-0.009059486,0.6297069,33.04595874667599,16336.010642868221,3.5283345749921864,3.651576e-05,4,0.00057844305,-21.844026820141472,1500,0.001389517,0.0014872213,6,0.0,2.0391512669884833,130.02575110863975,43.475637120234026,0.00077867793,125.0,-1.3095474,111.79790064680026,1826.1599355608512,7281.699669486843,1.0838484690029873,-0.0,-2.7147698,0.00017767675,43.30127018922193,0.45605484,150,5.868232884997269,-3.6483667,6521.345568035105,34.89973,53.5765724071083,0.0005225042,-28.786233538148593,0.001939464,-2.7139845,10,150,0.00048509892,130.02332,-0.19792578877902542,0.0033120448,0.009093469998333603,150,50,0.00018294402,0.0019212186,-0.24729517,-0.000569249,0.0048766890104161575,-0.2462637938576718,0.00044124972
1200,0.872489333152771,106.73030682951546,25.54603,-0.99912775,20,252.39525293915082,0.4386253850098001,291.56220784152856,340.61273,329.9106,150.0,1200,0.53113383,-1.2239362,7.342741,3.931335,0.99387175,0.6803694,334.1723940176861,2.019162023513207,0.0035649250057758763,1,0.5898695,-0.2881014,0.61619824,11.709396435144255,550.7771630260276,3.428556948027108,-0.45956588,4,-0.26119924,-114.55415501368245,3000,0.6788719,-0.13070846,10,0.0,1.9429777870100224,79.05876310551285,0.7115353788634364,33.531296,125.0,2.4777565,78.04007126416406,252.39525293915082,638.1524553771593,1.0386817819962744,-0.6147384643554688,-35.29279,-0.46861923,43.30127018922193,1.6122999,150,9.301950010019937,-4.2108064,106.73030682951546,25.884012,8.193864028823922,24.65852,-101.07535258599509,32.612877,-0.5146775,10,150,0.110966206,133.06451,-0.9387417467957471,69.06742,0.0016371630044886842,150,50,-0.34720448,68.87842,-0.011046855,-0.8400701,0.003069906000746414,-0.9376803536856176,23.643963
1700,0.7735357880592346,2948.9207347380475,78.881935,-0.9972824,30,3134.781311931529,0.3462533190031536,4655.561481566384,4906.484,4902.5806,150.0,1700,0.7378809,-1.2610301,2.2465518,0.573224,0.99912816,0.9530568,5548.51427996269,25.07825049545225,0.002630393995787017,2,0.97479737,0.44409972,0.70176315,91.58915524774297,10060.383987213445,3.242599462988437,-0.7842521,4,-0.3041876,-111.46716359628556,4500,2.181199,-0.010640074,14,0.0,1.9646856210019905,585.2934096344247,19.659471564920313,77.90726,125.0,8.287335,523.9336958639102,3134.781311931529,12744.922363189193,0.922846405999735,-0.7151697278022766,-81.43932,0.6802463,43.30127018922193,2.6363316,150,12.548772503025248,-4.807127,2948.9207347380475,95.702324,78.27749546069928,57.337223,-108.06096829951767,77.701164,1.2122685,10,150,0.16280715,685.8542,-0.8876323528056191,211.69342,0.0020140979904681444,150,50,0.47048286,212.88449,-0.9337585,-0.851259,0.00416962499730289,-0.8827335971741106,57.135067
2200,0.7107477188110352,945.6688539279164,115.27184,-0.83887815,40,687.1089505713302,0.35243069801072124,1277.5966919988725,885.161,887.5964,150.0,2200,0.09248608,0.4305042,4.4635262,3.044895,0.99843866,0.41512835,1314.6014117732095,5.496871604570641,0.0027788359875557944,3,0.9679638,0.72144276,0.358051,26.04957112558077,2510.331039177276,3.496889910005848,-0.69197655,4,-0.38593182,-112.79458571194533,6000,2.248384,0.16755413,18,0.0,2.2064154079998843,154.8688069229633,6.304459026186109,121.15019,125.0,8.177794,144.48138661427623,687.1089505713302,2963.368286556803,0.9290930849965662,-0.3110581338405609,-128.3922,1.4127268,43.30127018922193,2.7639747,150,16.05034873401746,-3.3822672,945.6688539279164,106.994576,26.952954673131746,107.4739,-111.50644373526492,121.73198,3.0887938,10,150,0.19338286,442.5874,-0.8827565991274808,335.89304,0.0020000210060970858,150,50,0.8324614,337.11984,0.83902836,0.6834498,0.004171862005023286,-0.8828886600860085,107.81999
2700,0.6411202549934387,4943.743314682308,170.75566,-0.9990731,50,8771.064058437936,0.35926667200692464,7678.076788994598,18582.188,18501.219,150.0,2700,0.7265169,-1.7986903,4.1777277,3.423537,0.99936783,1.2562232,8857.546391941325,70.16851246750349,0.0026513570046518,4,0.9591677,-0.10555396,0.7624284,195.27925035664705,16672.160492612245,3.2869979410024825,-0.655975,4,-0.30670807,-109.99528488883118,7500,2.061956,0.21215247,22,0.0,2.048822326993104,938.04695113403,32.95828876454872,152.34344,125.0,5.826172,933.4835467616003,8771.064058437936,17906.71655057281,0.8698627460107673,-0.998719334602356,-156.23592,-0.37234902,43.30127018922193,2.3592854,150,19.341536170002655,-6.401292,4943.743314682308,222.6224,137.96747597550362,151.74826,-108.3478232267635,152.69002,1.7524723,10,150,0.21579143,1252.6279,-0.8791793201985181,439.11948,0.002232736995210871,150,50,-0.17460124,441.39435,2.7437322,-0.9339823,0.004162101991823874,-0.8772345025867506,151.6831
3200,0.7179313898086548,1685.6816448470283,265.49286,-0.9997583,60,1406.895912114695,0.443158181005856,2719.1022270774047,10438.694,10285.821,150.0,3200,0.9721918,-2.6530085,21.104593,21.29739,0.99914163,2.1609652,2550.523586003086,11.255167296917561,0.002861305998521857,5,0.9856798,-0.019601574,0.95307094,41.22622865865181,5839.078312755314,3.4248414489993593,-0.7619755,4,-0.5971377,-113.93362791100103,9000,2.6532412,-0.06911878,26,0.0,1.9457937529950868,231.3290373766219,11.237877632313516,268.74487,125.0,13.55946,239.0843042675376,1406.895912114695,5824.114496800649,1.0216044099943247,1.420235276222229,-293.98843,-0.13813283,43.30127018922193,2.9300785,150,22.770972132013412,-1.4884987,1685.6816448470283,284.30084,41.808492522086766,266.30753,-113.79163572764966,268.6502,8.280788,10,150,0.1193327,1110.9766,-0.882903221294896,726.758,0.00202131099649705,150,50,-0.0088464385,729.00226,0.0,-0.987987,0.00940248800907284,-0.8833321266354531,266.2045
3700,0.7698544263839722,3256.444189155346,319.2868,-0.9994426,70,2103.3634980022375,0.35586034299922176,4109.52121209209,5220.9136,5049.9307,150.0,3700,0.91283476,-2.5543156,42.283764,42.027576,0.9981164,1.8981655,3771.7056441573022,16.826907984017897,0.0025376520061399788,6,0.98143566,0.06018473,0.9059402,72.16299980698975,8289.539172597564,3.291916914007743,-0.6949778,4,-0.50994796,-113.92564994783105,10500,2.508326,-0.17578265,30,0.0,2.006626950998907,506.66100772196603,21.709627927702307,318.05542,125.0,11.322986,498.03305774578473,2103.3634980022375,8635.917349321504,0.920594926996273,0.6134219169616699,-332.7302,0.12534487,43.30127018922193,2.5351455,150,26.06705083900306,-3.5197253,3256.444189155346,344.56183,80.4325041339913,338.4747,-113.60492448963342,317.57336,6.3434606,10,150,0.123958915,1300.8789,-0.8838526362969089,912.2068,0.0020340750052127987,150,50,0.07290427,914.19684,35.526825,-0.9856985,0.004262966001988389,-0.8838526362524765,338.45874
4200,0.8300542831420898,3592.081041922988,469.41995,-0.99868804,80,6990.147190226848,0.3573332450032467,5634.214834804904,3084.116,2917.4668,150.0,4200,0.7938023,-2.5350964,68.66263,65.603615,0.9977461,1.557282,7092.127814905382,55.92117752181478,0.00301192699407693,7,0.9733983,0.34533766,0.79242265,163.01741900780516,12198.46659396865,3.7780129199963994,-0.67183226,4,-0.40667015,-113.03648121462116,12000,2.3202477,-0.056521095,34,0.0,2.4444591270003,820.3493493300336,23.947206946153262,463.0957,125.0,8.824064,728.3398604349345,6990.147190226848,14470.744521820483,0.9669904040056281,0.0260756965726614,-480.17184,0.5932193,43.30127018922193,2.685788,150,29.849795631002053,-4.124734,3592.081041922988,439.0782,104.81743445687397,430.03125,-111.32091778159531,463.21844,4.139929,10,150,0.19947849,1455.7316,-0.8827114503226864,1068.7249,0.0020355710003059357,150,50,0.40842766,1062.9069,67.915794,-0.9826331,0.004182645992841572,-0.8827108060012179,429.44412
4700,0.9612157940864563,2411.8533470493553,530.6598,-0.9990936,90,2216.1478901616533,0.5635407519876026,3838.8830721352997,11902.231,11423.376,150.0,4700,0.815282,-2.6772528,73.82628,71.108574,0.99881756,1.7028517,3963.9789563921036,17.729183121293225,0.0025861739995889366,8,0.9822006,0.4377255,0.79311323,76.42405269426266,8275.81344171623,3.6968141769611975,-0.77834666,4,-0.5145752,-114.121900484898,13500,2.5689642,-0.23894276,38,0.0,1.9312929989973782,541.3581898473602,16.079022313662367,528.6734,125.0,13.747036,494.26513980590045,2216.1478901616533,9081.71437050131,1.1931807219953043,0.0998174399137497,-548.3705,0.9204132,43.30127018922193,3.3248143,150,33.551369879962294,-1.4081149,2411.8533470493553,552.1767,70.14425128564501,536.4744,-113.10735504671591,529.68677,6.5062227,10,150,0.1228784,2112.6013,-0.887632041928974,1382.7092,0.0020373939914861694,150,50,0.46862552,1393.9816,76.78756,-0.98291254,0.0041761359898373485,-0.88802988290248,536.5942
5200,0.9726224541664124,3573.5843960619904,668.8882,-0.999482,100,2247.1958988396664,0.3555152739863843,4481.357278019935,7718.4966,7203.5234,150.0,5200,0.6302328,-3.1300042,79.733894,77.65848,0.9994181,1.4166307,4001.1912465412806,17.977567190717334,0.002797932000248693,9,0.98155606,0.56473047,0.6353943,77.67845175871882,9062.088696382087,3.255512229006854,-0.75660926,4,-0.42720467,-98.96367337889178,15000,2.4614289,0.049691916,42,0.0,1.9593531790014822,532.0331691082946,23.823895973746605,668.47516,125.0,11.186428,552.2441676272576,2247.1958988396664,9177.299963928046,0.9313404310087208,0.029515128582715988,-684.54614,1.0678006,43.30127018922193,3.7965977,150,36.811854794970714,-7.7913933,3573.5843960619904,641.5748,89.57976599983084,633.6912,-97.45652753506178,668.6392,5.057883,10,150,0.19672693,2151.4604,-0.7758818711544235,1648.0801,0.0020195950055494905,150,50,0.58870995,1666.596,87.268616,-0.9885856,0.004485818004468456,-0.7769481932341388,634.72894
5700,0.935645341873169,3573.3811732398403,713.8147,-0.99922633,110,6892.328922255181,0.35151527999551035,5585.881919433481,12068.69,11226.424,150.0,5700,0.5312219,-2.651386,56.998596,50.787174,0.9990707,1.3205408,7032.402182792954,55.13863137804145,0.002625972992973402,10,0.98017895,0.4185271,0.6774747,160.62422374179027,12105.939039185008,3.2486747809743974,-0.68107283,4,-0.31975365,-99.13512084827697,16500,2.4612942,0.29947957,46,0.0,1.966680935001932,880.5910695973971,23.822541154932257,706.7503,125.0,9.938814,729.9085406249048,6892.328922255181,15136.852390032971,0.9219727739982773,-0.054282233119010925,-716.0617,0.82006377,43.30127018922193,3.4882417,150,40.064822543936316,-4.929666,3573.3811732398403,739.1425,104.58401710634134,719.7342,-94.82998711818742,707.85693,3.182892,10,150,0.29017425,2367.4888,-0.7844503447432027,1868.289,0.0016748839989304543,150,50,0.49745882,1869.7228,53.75011,-0.98293746,0.004204934986773878,-0.7828306961131917,718.58026
6200,0.953423023223877,3255.4347262044416,672.2568,-0.9991617,120,2613.2898249651785,0.34855081199202687,5104.195160192789,8569.695,8019.291,150.0,6200,0.5589332,-2.7531624,36.82693,24.160315,0.99979526,1.3616517,4627.403895675678,20.906318599721423,0.002785188000416383,11,0.9842671,0.43491128,0.6788926,92.20975933268433,11052.201706014472,3.5423855449917028,-0.77562845,4,-0.24513195,-97.97815341723188,18000,2.6399665,0.33700207,50,0.0,2.259441683010664,649.4745186902188,21.702898174696283,669.49976,125.0,11.276585,679.85675780239,2613.2898249651785,10628.043713561889,0.925729816997773,-0.015001274645328522,-677.4679,0.9000261,43.30127018922193,4.0351768,150,43.6119002939231,-3.8753607,3255.4347262044416,773.56793,96.48535939280919,760.2467,-92.7993872844426,669.09875,3.68511,10,150,0.3027174,2570.2268,-0.7794871212439951,2087.3655,0.001717462990200147,150,50,0.5320744,2094.025,-0.63847595,-0.9866479,0.004160582000622526,-0.7794456706216661,758.67285
6700,0.8698822259902954,4708.896345143238,646.8752,-0.9987646,130,3476.263356457966,0.3658651790028671,5838.301283698368,7484.5674,6772.5264,150.0,6700,0.5988637,-3.1546657,26.626574,4.3029537,0.9993642,1.3846229,6095.563654318731,27.810106851663736,0.0027538690046640113,12,0.9853809,0.19203342,0.74366784,114.9315218066821,11859.281790978317,3.6969507270114264,-0.7653968,4,-0.09813987,-84.50148335336134,19500,3.069064,0.43194318,54,0.0,2.4032245639973553,778.847591212133,31.392642300954922,638.1591,125.0,12.231081,597.3084427941085,3476.263356457966,14034.027405064024,0.9188722520048032,-0.2444983720779419,-646.1138,0.422061,43.30127018922193,4.5536466,150,47.313388096910785,-4.618274,4708.896345143238,816.5683,107.09557456415588,792.66846,-72.06934111615533,639.4359,2.2438147,10,150,0.385175,2591.4888,-0.6345009955208154,2350.9624,0.0020361149945529178,150,50,0.23054698,2391.033,-0.5393015,-0.9854909,0.0041987480071838945,-0.6342804254824689,791.33014
7200,0.8350496292114258,1920.7648881720663,907.1792,-0.99949175,140,3693.9680804010286,0.35147840599529445,3027.6658717018004,5324.361,4443.0396,150.0,7200,0.73849535,-2.926969,24.28081,4.4877563,0.99957347,1.6968349,3760.196994568681,29.551744643208227,0.0026837420009542257,13,0.990499,0.07267868,0.8030691,77.6210941465116,6545.50353239553,3.5027391769981477,-0.88888115,4,-0.3461005,-88.38039335812593,21000,3.198794,0.31603095,58,0.0,2.2267183899966767,364.056666088325,12.805099254480437,915.7109,125.0,15.426371,296.14861468851063,3693.9680804010286,7672.251560861329,0.9156593799998518,0.03090490587055683,-927.46857,0.06698524,43.30127018922193,4.600302,150,50.82074168493273,-6.320918,1920.7648881720663,949.50806,48.67490272624026,952.54254,-87.61738556039406,912.60956,4.171399,10,150,0.3335825,2753.1633,-0.6383253473302167,2884.2397,0.002018968007178046,150,50,0.057478115,2925.8306,11.808519,-0.9923306,0.004180290998192504,-0.6476813261461274,952.6509
7700,0.7999341487884521,2995.021689952521,875.5867,-0.9994765,150,2591.754783946241,0.3560380949929822,4683.050629424734,4210.0327,3472.3564,150.0,7700,0.543429,-3.5939448,18.410389,6.819394,0.9990693,1.6337947,4561.442193161888,20.734038271569933,0.0027226730016991496,14,0.99206597,0.22911637,0.6926732,91.54187510321742,10148.478827867182,3.325914606000879,-0.88607436,4,-0.34434777,-82.45196099886458,22500,3.3000124,0.28433102,62,0.0,2.0288290939934086,649.5364322026775,19.96681126635014,882.56476,125.0,13.512805,629.4366248429535,2591.754783946241,10492.296613610211,0.9321560870012036,0.05045003816485405,-894.60297,0.36659035,43.30127018922193,5.4064326,150,54.15138749995094,-3.6327844,2995.021689952521,1016.1978,89.02536389290273,1012.6186,-77.19807669932703,878.6406,4.2260714,10,150,0.31438267,3155.8652,-0.7682124499256173,3167.593,0.002014192010392435,150,50,0.2789606,3236.9238,8.287414,-0.99460864,0.004154465001192875,-0.7678012867559708,1011.4437
8200,0.7888254523277283,3505.3902946927965,959.7272,-0.999263,160,2247.9595392809597,0.3565395920013543,4384.399270545406,5220.0586,4308.459,150.0,8200,0.62806773,-3.893769,18.62254,9.2002325,0.9995804,1.6861799,3974.7327959326917,17.983676314247674,0.0025779499992495403,15,0.9894777,0.20029457,0.7067059,78.86921827288892,8875.143825269026,3.284058762015775,-0.90786606,4,-0.37138137,-88.68407998310755,24000,3.1282265,0.3922434,66,0.0,1.9812415269989287,557.3700746426924,23.36926863128531,957.6499,125.0,15.983715,534.1111877319562,2247.9595392809597,9132.262280202058,0.9374917540117167,0.03076324239373207,-967.3606,0.2754504,43.30127018922193,5.181566,150,57.44007465992763,-4.204396,3505.3902946927965,1063.2625,86.20345290672644,1052.6775,-81.15201998084542,955.966,4.129622,10,150,0.290668,3186.4314,-0.7791313269511113,3157.981,0.0020114799990551546,150,50,0.26858112,3168.4902,-0.88260466,-0.9917031,0.004196459005470388,-0.7236651786484294,1047.4097
8700,0.8858321309089661,1876.6143034414486,1035.5417,-0.99932194,170,3332.7797130495064,0.36975470499601215,2930.6413645254297,4709.469,3612.669,150.0,8700,0.6766157,-2.8174512,19.008516,9.811089,0.99943334,1.7055864,3379.305433870874,26.66223770439605,0.0028432710096240044,16,0.9925654,-0.045780115,0.77209026,68.28830627475422,6353.087143490074,3.467041417985456,-0.77533066,4,-0.46793747,-75.61734190106303,25500,2.7530267,-0.16913535,70,0.0,2.1557292170036817,315.77596959729897,12.510762022942991,1032.6171,125.0,13.500168,282.2122110446428,3332.7797130495064,6779.449670616742,0.9302026109944563,0.05184411630034447,-1042.2472,-0.2434772,43.30127018922193,4.5101314,150,60.91189134992601,-5.4222875,1876.6143034414486,1151.4451,46.801086243379835,1137.3346,-72.1380446064927,1032.0634,4.4267354,10,150,0.14999856,3829.2422,-0.6350516890252589,3837.1504,0.0026866629923461005,150,50,-0.08687113,3930.1506,10.804542,-0.99375474,0.005824950989335775,-0.5837188540646752,1135.3826
9200,0.9136332273483276,3037.0488811911227,1386.3665,-0.99916875,180,2503.360748661691,0.43493202500394545,4699.773082798376,6745.207,4650.3276,150.0,9200,0.5482734,-3.0940778,19.35197,11.762851,0.99931765,1.718486,4392.912964963673,20.02688598929353,0.002852448000339791,17,0.99140143,0.17809711,0.7144353,88.3785728382408,10216.04250398299,3.5342450470052427,-0.74708366,4,-0.36795333,-53.33280300104752,27000,2.7910254,0.3588145,74,0.0,2.041090508995694,623.4416140120502,20.24699254127414,1390.9385,125.0,12.516905,638.7303046446767,2503.360748661691,10112.035012694527,1.0491481200006092,0.05453665181994438,-1399.2338,0.32816255,43.30127018922193,4.9040723,150,64.45138855194091,-4.9802294,3037.0488811911227,1319.7345,89.87814701966722,1312.8334,-63.51498164240402,1388.7802,4.6032476,10,150,0.30890363,3962.4285,-0.686031661466891,4056.5862,0.002068200003122911,150,50,0.22456472,4120.196,10.409139,-0.993596,0.004153745001531206,-0.6562602085385615,1311.5452
9700,0.9844093322753906,3607.391048716214,1260.0199,-0.9993082,190,2575.156152322579,0.3779399920022115,4461.1571719914955,3681.1973,2145.7412,150.0,9700,0.6534312,-2.8236663,19.81882,11.635136,0.9994294,1.7165881,4505.4950908431965,20.601249218580634,0.0035811340057989582,18,0.9892133,0.12553722,0.7392501,91.39006611598373,9071.158812296797,3.3756002870068187,-0.74801797,4,-0.38163665,-46.99024439146014,28500,2.583429,0.32592776,78,0.0,2.0074598220089683,654.301641796837,24.049273658108092,1266.7468,125.0,12.484626,557.642021944452,2575.156152322579,10378.888468863553,0.9802885809913278,0.0050445483066141605,-1278.2172,0.11871461,43.30127018922193,4.435176,150,67.83166182796413,-4.2257767,3607.391048716214,1282.6733,89.8682975533911,1278.8956,-38.261600828627174,1265.111,4.3160505,10,150,0.29363608,4263.9927,-0.41818495508127795,4331.2373,0.0020915460045216605,150,50,0.17856325,4391.1025,12.96654,-0.99208224,0.004239211993990466,-0.38279719904828474,1274.3015
10200,1.0895545482635498,2794.920516013579,1300.5531,-0.9993073,200,5118.823967244309,0.39744528899609577,4315.2909759545855,19110.611,18111.111,150.0,10200,0.617731,-3.0491724,20.106419,13.656192,0.99865526,1.6106905,5149.721117213996,40.95059173795447,0.0030873939977027476,19,0.98733705,0.145691,0.7554394,124.27463585670387,9386.635120396659,3.3703061879932648,-0.7298176,4,-0.38624787,-33.757959216331834,30000,2.7064803,0.20070304,82,0.0,1.9773143239872297,649.6888837933279,18.632803440090512,1322.2833,125.0,11.718725,582.6146148393536,5118.823967244309,10288.985911871223,0.9861882510012947,0.014657466672360897,-1335.4379,0.19297639,43.30127018922193,4.5289536,150,71.20669039996574,-4.262581,2794.920516013579,1400.5853,81.96388092935912,1388.2578,-34.22163172062465,1320.1251,3.828891,10,150,0.23123708,5023.635,-0.3124600534301682,5036.643,0.0020789490081369877,150,50,0.10259564,5175.7114,-0.63719016,-0.99167293,0.004191981002804823,-0.27527949577261435,1389.2341
10700,1.1817129850387573,2352.932062009025,1025.1187,-0.9988347,210,1999.8949112429784,0.3608001940010581,3722.994679677286,20462.332,20386.742,150.0,10700,0.600802,-2.6351779,20.475178,12.802877,0.9997256,1.5165424,3563.1620686243446,15.999159289943822,0.002890349001972936,20,0.9953226,0.46254995,0.67136216,69.58967955938692,8039.86865733055,3.2968732379958965,-0.7633459,4,-0.2738372,-97.19657182155025,31500,3.1325366,0.37224004,86,0.0,1.9974368370021693,492.5537032789649,15.686213746726834,1041.1326,125.0,13.646986,486.7539874883073,1999.8949112429784,8171.269042937571,0.928984321988537,0.02180737815797329,-1053.6145,0.6567413,43.30127018922193,4.885755,150,74.50840941396018,-4.4724813,2352.932062009025,1168.3759,68.63846085551475,1165.2897,-94.32135320570174,1042.4935,3.869226,10,150,0.3307087,4500.1353,-0.792861026874617,4492.8726,0.0024450950004393235,150,50,0.5461545,4510.3984,-0.8816987,-0.9909412,0.004316441001719795,-0.7945373672500193,1160.0354
11200,1.3045766353607178,3349.3350792680117,1493.4325,-0.99945223,220,2239.822662255671,0.360592684999574,4160.434626967576,5881.7466,3334.513,150.0,11200,0.66010123,-2.7016058,20.819561,15.4612055,0.9986085,1.7519724,3940.545350080122,17.918581298045364,0.002767728001344949,21,0.98876226,0.14630465,0.7326475,77.27798159376246,8444.78204344103,3.3046488869877066,-0.7667289,4,-0.45618093,-64.11737740528469,33000,2.6054156,0.11737994,90,0.0,1.9947828750009649,540.8485148959517,22.328900528453406,1493.2058,125.0,13.021901,506.5197591821377,2239.822662255671,9064.986776908305,0.9403193489997648,-0.3276063799858093,-1502.7825,0.20816843,43.30127018922193,4.669094,150,77.81786664391984,-4.1449795,3349.3350792680117,1403.6411,81.84216690517982,1399.9243,-59.395549944959065,1493.5969,5.2333655,10,150,0.20636111,5815.482,-0.7465442523718389,5949.901,0.0020214459946146235,150,50,0.20584497,6164.032,15.9836035,-0.99093026,0.004164803991443478,-0.6412852401025062,1399.6316
11700,1.3733758926391602,2747.639430134014,1354.2141,-0.99876386,230,5017.624174851903,0.35166941399802454,4280.5111443181295,4007.8586,1730.9385,150.0,11700,0.6483898,-2.6303246,21.085789,16.343056,0.99919206,1.6179152,5085.3310308586415,40.14099339881522,0.0026628689956851304,22,0.9884858,0.16805756,0.7418211,122.23176447122673,9286.160165985097,3.2712913299765205,-0.77624637,4,-0.40562811,-81.53472816028462,34500,2.4837353,0.09703341,94,0.0,1.9715710110031068,681.742895025871,18.31759620089343,1348.064,125.0,10.985756,576.341579345416,5017.624174851903,10641.58850378192,0.9402652769931592,0.04153042659163475,-1363.7845,-0.019503592,43.30127018922193,4.040892,150,81.09379341790918,-4.1376944,2747.639430134014,1483.1381,80.92129252247742,1471.4067,-68.1373928652465,1345.032,3.8690913,10,150,0.21917225,6015.8394,-0.6294174812101596,6045.179,0.0020398479973664507,150,50,0.11993458,6216.7197,15.950579,-0.9896658,0.0030829109891783446,-0.5541408392314745,1473.3975
12200,1.4443602561950684,2523.4709632566055,1392.1266,-0.999172,240,2308.9098280627304,0.35573869399377145,3935.3547300080154,19293.24,17156.201,150.0,12200,0.6196222,-2.8768075,21.525257,18.03451,0.9986499,1.6417606,4058.8654432534495,18.47127862450184,0.0027552819956326857,23,0.9907446,0.11675912,0.7315921,81.6353983103737,8534.802904465192,3.4161258659732994,-0.7775419,4,-0.4124124,-63.760462080924334,36000,2.673239,0.15703423,98,0.0,2.104585437991773,585.9386204023925,16.823139755044032,1416.5337,125.0,13.381384,513.9256607468674,2308.9098280627304,9339.02547300526,0.9467806000029668,-0.060574695467948914,-1423.5408,0.0088593485,43.30127018922193,4.6693325,150,84.5135369678901,-4.247286,2523.4709632566055,1496.7692,72.41826584649881,1496.1807,-52.14285665128067,1413.4209,4.1647973,10,150,0.22322273,6622.6567,-0.6381251608569303,6677.2,0.0020499120000749826,150,50,0.15977791,6887.7407,-0.33717987,-0.99369246,0.004215939989080653,-0.5451905642875854,1501.8389
12700,1.5321555137634277,3547.720993173259,1323.374,-0.99826884,250,2378.0226608568196,0.405400887990254,4423.223221632972,2628.2954,1582.6849,150.0,12700,0.6721614,-2.626156,21.910402,18.959255,0.9987296,1.6211902,4206.938313107504,19.024181286854553,0.0030329689907375723,24,0.9857484,0.10398833,0.72380406,84.43897530253615,8965.010580726686,3.4796598829707364,-0.75820774,4,-0.43999034,-82.9256953354709,37500,2.509135,0.086787134,102,0.0,2.0654991409974173,600.7596400219298,23.651473287821727,1331.4877,125.0,10.684892,532.8002671402961,2378.0226608568196,9664.558208273165,0.9995180789992446,-0.03774545341730118,-1341.8313,-0.16028675,43.30127018922193,3.877112,150,87.99791059484414,-4.7979984,3547.720993173259,1414.9924,85.86734969830069,1420.8923,-83.97724939058597,1329.8076,4.088509,10,150,0.20044869,6700.131,-0.6966182490209752,6774.38,0.002030073999776505,150,50,0.16950464,6966.385,18.778448,-0.9902859,0.004178731993306428,-0.6880036023773249,1424.2189
13200,1.527787208557129,2382.9640873064536,1306.8345,-0.99773425,260,4200.42222035144,0.4463216839940287,3765.210538452219,17724.309,13980.727,150.0,13200,0.65172243,-2.6271462,22.113327,19.748049,0.99888825,1.5010145,4288.950649203621,33.60337776281152,0.0029473520116880536,25,0.987443,0.280452,0.735381,98.58234126524769,8134.400768352581,4.483776238004793,-0.7131678,4,-0.3672795,-94.72662708895764,39000,2.6300466,0.18986508,106,0.0,2.6995212780020665,520.1949330926575,15.88642724870969,1293.4851,125.0,12.458443,492.4138146398129,4200.42222035144,8869.958317193341,1.328571418998763,0.4716547727584839,-1308.1019,0.11891207,43.30127018922193,4.472726,150,92.4863618848467,-4.4157076,2382.9640873064536,1438.9606,69.40922323862657,1399.4896,-92.04029339622666,1298.5227,2.8873138,10,150,0.22854984,5114.1143,-0.8836169282652915,5174.7026,0.002076245000353083,150,50,0.3070723,5140.1074,-0.1948936,-0.9896209,0.004338259997894056,-0.9000613154591885,1385.8086
13700,1.6257636547088623,2661.8224305697586,1643.6193,-0.9980936,270,2255.1457884852507,0.519244819006417,4176.63971590536,14527.323,9615.029,150.0,13700,0.6529248,-2.8788657,22.470253,21.079111,0.999393,1.678166,3995.026475682486,18.04116630788201,0.0028897930023958907,26,0.9898657,0.044430617,0.7541079,79.25551378588598,9041.705066544891,4.071618227011641,-0.7969639,4,-0.46904525,-87.70538439628847,40500,2.6473088,0.07528593,110,0.0,2.2649159020074876,565.6402802189073,17.745482870465054,1614.9731,125.0,14.631975,551.2346203297369,2255.1457884852507,9174.573291345463,1.2783751630049665,-0.23971450328826904,-1624.9027,-0.033818375,43.30127018922193,4.5764303,150,96.56332923583977,-3.2814205,2661.8224305697586,1640.1965,77.13144838817371,1606.0078,-90.12087742286388,1617.9354,4.4934664,10,150,0.1895128,7733.443,-0.6777133164328071,7847.189,0.0020130479970248416,150,50,0.066190325,8117.643,19.92193,-0.9925271,0.004179501993348822,-0.6773585194127139,1604.8436
14200,1.7529910802841187,3597.1956534055253,1483.2701,-0.99890983,280,2521.35671429385,0.7227738389919978,4488.02034824651,1612.8516,853.68744,150.0,14200,0.73583525,-2.8874516,22.815533,20.705544,0.9990048,1.6544212,4456.513878050901,20.1708537143508,0.0029042350070085377,27,0.9928264,0.033290107,0.75105643,91.20026734757893,9093.848663457724,4.08031781797763,-0.78808564,4,-0.47432354,-85.36445471015558,42000,2.8451002,0.062802,114,0.0,2.2058834559866227,658.4139089726093,23.981304356036834,1487.5585,125.0,12.115561,563.6232074263207,2521.35671429385,10240.177999391268,1.1424581360042794,-0.05504845455288887,-1494.8916,-0.088627994,43.30127018922193,4.3512177,150,100.64860388780653,-7.962538,3597.1956534055253,1425.804,90.10606216011003,1437.3179,-83.87934890397992,1486.6461,4.098097,10,150,0.1891836,6832.77,-0.6623815911316252,6897.2295,0.0020302189950598404,150,50,0.064675465,7004.574,-0.76652986,-0.9939581,0.004267932992661372,-0.6573965694965095,1434.2847
14700,1.8403147459030151,2741.1680649292,1652.9369,-0.99931794,290,5151.781133297726,0.6594765649933834,4288.752742638474,12123.341,8265.902,150.0,14700,0.7127324,-2.768538,23.16148,22.9561,0.9989195,1.5948488,5230.423127638949,41.214249066381804,0.0034801290021277964,28,0.98777777,0.049935292,0.78139675,126.05824037372939,9292.302806846878,4.372691269032657,-0.7657768,4,-0.45773178,-87.9777048868612,43500,2.5778925,0.069953725,118,0.0,2.678449676008313,679.8297090250296,18.27445376619467,1658.4976,125.0,13.451662,579.3592971015571,5151.781133297726,10849.26135128318,1.0196090750105213,0.22229057550430298,-1666.2828,-0.1072612,43.30127018922193,3.7523146,150,105.0264106298273,-3.3316045,2741.1680649292,1752.4148,80.78070725345397,1734.8439,-85.97402101196789,1653.842,3.6355667,10,150,0.1836202,8477.403,-0.6438480669646183,8505.561,0.0020898430084344,150,50,-0.044089086,8750.295,-0.47172824,-0.9909049,0.009585981009877287,-0.6473734057957332,1749.8397
15200,1.8994072675704956,2639.5469281662417,1518.0889,-0.9995656,300,2483.841932387189,0.514256355992984,4151.428379775337,4473.458,2073.965,150.0,15200,0.7206804,-2.6915574,23.512064,22.585363,0.9987737,1.68862,4395.846014389239,19.87073545909751,0.0035737910075113177,29,0.99036497,-0.04251152,0.7744166,89.67085792166715,8980.910697242074,4.299796820007032,-0.77004457,4,-0.48498574,-94.8699049775718,45000,2.7237153,-0.016979177,122,0.0,2.2832062910019886,649.2366885806546,17.596979521108278,1517.441,125.0,12.501836,538.2183852306694,2483.841932387189,10097.512625268846,1.492414156004088,-0.5762256383895874,-1532.2388,-0.15914686,43.30127018922193,3.4608064,150,109.33117495384067,-2.9923546,2639.5469281662417,1406.7526,75.44457467896372,1399.2528,-93.47764822672777,1520.2845,4.8984847,10,150,0.14988899,7349.131,-0.720386817871044,7431.281,0.0020360899943625554,150,50,-0.018482173,7536.0674,-0.77474046,-0.9919509,0.004310136006097309,-0.7164407793598434,1391.9117
15700,1.998748540878296,3445.1992421018394,1765.3595,-0.998046,310,2337.5408838685244,0.4310018929973012,4309.947648846698,3709.3755,2373.572,150.0,15700,0.7483138,-2.6024208,23.755768,23.16483,0.99970365,1.5851221,4147.971344048228,18.70032707094819,0.002663780003786087,30,0.99262756,0.07733328,0.7566543,83.36530999374794,8723.743807074763,4.101552706997609,-0.80558616,4,-0.4616319,-95.9508278724985,46500,2.8128648,-0.0025459826,126,0.0,2.3680058079917217,600.7765695897085,22.967994947345577,1764.8423,125.0,12.767915,528.064396897486,2337.5408838685244,9521.919096285983,1.2940541559946723,0.011725280433893204,-1771.7172,-0.022487324,43.30127018922193,4.304639,150,113.4379530728329,-4.074313,3445.1992421018394,1798.5245,84.720464217669,1782.4594,-93.47185947262945,1760.913,3.9830675,10,150,0.19417608,8544.768,-0.7364197720938558,8492.061,0.0016432850097771734,150,50,0.14277166,8699.81,22.416323,-0.9898899,0.004183785000350326,-0.7351834416205951,1788.9753
16200,1.9609544277191162,2387.957201254815,1576.1843,-0.9993123,320,4088.791971507566,0.4466394000046421,3757.3939423889415,53639.99,47925.137,150.0,16200,0.7688905,-2.46914,23.964289,23.065262,0.9993054,1.6738735,4160.1226981000955,32.710335772060525,0.0027046400064136833,31,0.9904885,0.22613879,0.7708885,95.96784637511443,8127.409021895203,3.857187902991427,-0.7879264,4,-0.43484175,-95.95629323163904,48000,2.9574234,0.09842032,130,0.0,2.2586682730034227,496.31089535384274,15.919714675032107,1574.9984,125.0,13.750294,492.7335768562316,4088.791971507566,8294.398854082043,1.1429162509884918,-0.2659222185611725,-1586.1814,0.016259441,43.30127018922193,3.8048916,150,117.29988544282969,-3.4317465,2387.957201254815,1559.1335,69.36648138134832,1506.5054,-88.92334839753568,1577.9045,4.394988,10,150,0.20184134,8676.528,-0.7617504181341719,8651.668,0.0020289739914005622,150,50,0.16535209,8902.501,0.0,-0.987393,0.004230364997056313,-0.7597807463396242,1506.0416
16700,2.0618913173675537,2430.7887314777086,1731.2861,-0.9977703,330,2146.515375744488,0.45781460200669244,3837.9438103375537,6034.4653,3316.3152,150.0,16700,0.7632208,-2.6730175,24.2283,24.329584,0.998876,1.5779392,3813.041369321398,17.172123005955907,0.002859771004295908,32,0.9913989,0.07596387,0.78598887,73.83301603486474,8293.302983245005,3.666125486997771,-0.8413744,4,-0.45045358,-96.71116408712622,49500,2.7133105,0.050345603,134,0.0,1.9974203839956317,519.9962607102508,16.205258209851387,1733.0845,125.0,12.982902,503.4595665151695,2146.515375744488,8750.723243613897,1.1927940610039514,0.28375229239463806,-1739.303,-0.07517502,43.30127018922193,3.7629545,150,120.97108912482508,-3.3491426,2430.7887314777086,1614.8588,70.80116608335156,1603.3363,-91.11177801494946,1732.6764,3.607825,10,150,0.1981543,9284.432,-0.7858324301520809,9267.301,0.011031788992113434,150,50,0.10459218,9618.361,23.033207,-0.9909292,0.00420487999508623,-0.7799175200025074,1611.8602
17200,2.13108229637146,4208.304784681016,1703.5194,-0.9981039,340,3014.549839243809,0.36834781400102656,5252.879140675668,1878.3441,794.5906,150.0,17200,0.761159,-2.4296627,24.597736,24.170765,0.99980664,1.6090376,5330.228973184074,24.116398713950467,0.00277722800092306,33,0.991366,0.038253147,0.7917133,107.65626949629332,10641.711296768965,3.30518934999418,-0.9044301,4,-0.50165933,-101.43753810073855,51000,2.661624,0.091992,138,0.0,1.9966283859976102,769.6925864051718,28.055365231206782,1710.8832,125.0,11.496988,685.8016989379365,3014.549839243809,12246.67023553424,0.9312152459897334,-0.3372310400009155,-1724.9808,-0.19356333,43.30127018922193,3.1127138,150,124.28129643783905,-3.1085682,4208.304784681016,1612.2467,108.42936525837665,1614.3665,-100.51020382266786,1708.1812,4.4458623,10,150,0.1844163,8069.485,-0.7724648463125718,8092.2236,0.002049173999694176,150,50,0.117943235,8233.451,23.227709,-0.9901809,0.004171502005192451,-0.7717633871261029,1616.0637
17700,2.216343879699707,2597.6815628128766,2104.2742,-0.9987019,350,4308.739542017565,0.3866577290027635,4084.803731586273,16891.354,6646.7896,150.0,17700,0.7428816,-2.701015,24.714382,27.237673,0.9995793,1.5875127,4391.929850692843,34.46991633614051,0.003164484995068051,34,0.99134094,0.12605204,0.79470295,100.61498686239743,8837.310133913206,3.3438367399940034,-0.88489103,4,-0.4724463,-87.59103793224273,52500,2.725924,0.18524279,142,0.0,1.9671640320011647,537.030940213167,17.317877085419177,2090.2468,125.0,12.167458,535.1887659292785,4308.739542017565,8966.814372657562,0.9806365719996393,0.35855406522750854,-2098.2568,-0.028133549,43.30127018922193,3.5651734,150,127.630030869841,-3.415002,2597.6815628128766,2059.757,74.96445023397345,2046.1772,-89.9414847068658,2087.2258,3.549571,10,150,0.20262823,10285.997,-0.813728480899615,10393.883,0.0020257269934518263,150,50,0.081104495,10860.443,23.524193,-0.9909585,0.0041881950019160286,-0.8163845522260251,2064.4731
18200,2.181619644165039,2663.4627191508207,2207.8167,-0.9983513,360,2224.382264492277,0.3476531839987729,4199.626064080991,4956.8594,2137.7725,150.0,18200,0.80476147,-2.422233,24.833088,25.194914,0.9993445,1.6396023,3954.987581195672,17.79505811593822,0.0029337779997149482,35,0.9912525,0.043422207,0.82301915,75.46756068700749,9078.477144853785,3.300900360001833,-0.80220574,4,-0.4954779,-96.77874303939855,54000,2.7685056,0.12722145,146,0.0,1.9968290899996646,530.6399595987447,17.756418127672134,2208.0344,125.0,11.540163,552.6625942672549,2224.382264492277,9074.441082069734,0.9472156959964195,-0.1642889380455017,-2214.598,0.0078115035,43.30127018922193,3.4744503,150,130.93574715983414,-3.6093323,2663.4627191508207,2261.31,76.93732175526989,2260.1882,-92.59710909999382,2197.9355,4.210619,10,150,0.16954431,9634.842,-0.8376057459347004,9635.635,0.0020309110113885254,150,50,0.06580281,9934.033,23.724215,-0.9854584,0.0042377009958727285,-0.8139009689551755,2280.2932
18700,2.229099750518799,3317.1421815250733,1770.3988,-0.9992957,370,2044.965818022166,0.3597904030029895,4165.477987233634,76183.98,70408.25,150.0,18700,0.82211393,-2.6583514,25.239044,26.30248,0.99930495,1.6224716,3653.9449590240242,16.35972654417733,0.002775522996671498,36,0.9920035,0.04929041,0.8175983,71.55623798689247,8418.777181371805,3.2737031840079,-0.7927849,4,-0.44301292,-95.99501863721004,55500,2.757297,0.09531534,150,0.0,1.9670231780037284,507.84375857680936,22.11428121016715,1794.0867,125.0,14.483347,515.3374185091714,2044.965818022166,8373.645219938246,0.9387425259919837,-0.014694693498313427,-1802.4424,-0.095354274,43.30127018922193,3.7436516,150,134.2130924698431,-3.0817142,3317.1421815250733,1412.1068,82.55060380898371,1363.0199,-95.70766015771109,1797.2211,4.01833,10,150,0.18179281,6683.1924,-0.8411315702905214,6576.43,0.0020505450083874166,150,50,0.10196413,6370.518,-0.31373823,-0.99065125,0.0033210090041393414,-0.8404352729743073,1342.049
19200,2.2387051582336426,2346.5545604599556,1826.01,-0.99915785,380,4107.289477090595,0.36232148999988567,3706.4572152185415,30667.3,26739.375,150.0,19200,0.7796479,-2.6468737,25.341074,28.229439,0.9998196,1.6451398,4199.552544116471,32.858315816724755,0.0029129189933883026,37,0.9924583,0.21019112,0.8046853,96.69038254300172,8008.242350213128,3.3144180169911124,-0.7413991,4,-0.40453452,-93.17959591203041,57000,3.1467538,0.17158824,154,0.0,1.9947332919982728,525.4409193017423,15.643697069733035,1839.3113,125.0,13.483042,487.9425259675795,4107.289477090595,8707.789473512781,0.947871540003689,0.17130771279335022,-1852.626,-0.134068,43.30127018922193,3.85677,150,137.5322650368471,-6.847583,2346.5545604599556,1991.1099,68.61016277547537,1980.5758,-95.56589505063367,1835.0581,3.7873542,10,150,0.20731571,10528.19,-0.8165704521951263,10467.681,0.0027930340002058074,150,50,0.19046701,10746.008,0.0,-0.9900992,0.0037857419956708327,-0.8140408350669979,1986.0983
19700,2.3049025535583496,2708.81037390821,1742.125,-0.99699867,390,2285.4293268890347,0.35308371399878524,4268.063873573363,42174.742,37748.598,150.0,19700,0.7451027,-2.3963428,25.492796,18.707243,0.9993122,1.617316,4059.972132407766,18.283434615112277,0.002661266000359319,38,0.99337095,0.20714882,0.794092,79.28110247517351,9228.371301978297,3.2852047809719807,-0.94914865,4,-0.43705788,-94.54964746315301,58500,2.755092,0.077745475,158,0.0,1.9908493489929242,557.0168151251484,18.05873582605473,1759.4604,125.0,11.582601,559.3727406997194,2285.4293268890347,9317.34051449957,0.9327213529904839,0.23900102078914642,-1763.9535,-0.020439189,43.30127018922193,3.528358,150,140.8224735478434,-5.5380116,2708.81037390821,1616.0852,77.98542368286651,1581.6871,-89.43458998040681,1756.8237,3.7137797,10,150,0.22911406,8912.982,-0.8374409852672211,8897.106,0.0016817790019558743,150,50,0.28088415,8933.5,-0.23748884,-0.98405427,0.004207319987472147,-0.8328275470919275,1574.0133
20200,2.400440216064453,3233.0265035985444,1417.6335,-0.99840117,400,2018.645737409823,0.36415354600467253,4074.6902392574884,4026.7769,2401.4832,150.0,20200,0.79626584,-2.470024,25.468386,19.256176,0.9998971,1.503563,3620.5065333334983,16.14916589927858,0.0025638410006649792,39,0.9975029,0.21628644,0.8208963,70.13309201870429,8223.449914097027,3.594142065034248,-0.92244,4,-0.3905736,-112.92544231652556,60000,3.1804042,0.09525837,162,0.0,2.2849993980053114,493.8398384348277,21.55351002399029,1415.2556,125.0,12.132988,498.74609452009736,2018.645737409823,8289.341013799522,0.936070510011632,0.6208043098449707,-1420.7284,-0.13176653,43.30127018922193,3.490071,150,144.42167000987683,-4.0769224,3233.0265035985444,1218.7063,80.28433076401784,1204.6864,-111.92612076126909,1412.1367,3.2910357,10,150,0.2257798,6930.822,-0.8637492780895368,6807.2754,0.002105361010762863,150,50,0.29359603,6731.8306,24.284557,-0.9865788,0.004249409001204185,-0.8633345326658497,1197.017
20700,2.3756768703460693,2509.834985897252,1831.1516,-0.9993541,410,4331.917546689776,0.37454246399283875,3973.752752658999,10627.293,3705.194,150.0,20700,0.79678196,-2.7821221,25.534079,22.896042,0.99983215,1.5892087,4435.738255270189,34.6553403735182,0.0029443170060403645,40,0.99851835,0.20443088,0.83095914,101.56198516368379,8579.795059125845,3.589874957993743,-1.0737774,4,-0.41398045,-113.27761724241665,61500,2.9370942,0.4311319,166,0.0,2.1732110989978537,552.103977336263,16.732233239315004,1835.8344,125.0,14.002664,523.3037214550833,4331.917546689776,9202.7853175013,1.0273421259917086,0.43158724904060364,-1833.3907,-0.12476373,43.30127018922193,3.8882976,150,148.0166795268742,-3.8434186,2509.834985897252,1859.672,73.34979433109824,1848.8038,-112.298471492179,1827.7197,3.5012448,10,150,0.25154576,11871.3545,-0.8637492271094829,11899.904,0.002073494004434906,150,50,0.16624889,12356.209,22.63436,-0.9930519,0.009761458000866696,-0.8636837510824275,1859.791
21200,2.493412494659424,2562.9545301693242,1908.8085,-0.9990296,420,2139.908482290208,0.45452700500027277,4052.0891999773753,86509.75,88772.734,150.0,21200,0.7620124,-2.634839,25.49893,16.109934,0.99982154,1.6773978,3813.65115942966,17.119267858321667,0.0028553129959618673,41,0.9962414,0.10309723,0.81709445,73.49348222580744,8752.59680045239,3.515051449998282,-0.9490615,4,-0.46527368,-101.9585080966089,63000,3.0708842,0.16875798,170,0.0,1.967900299001485,521.1017524058493,17.086363534462155,1919.5682,125.0,12.185047,524.5427273231909,2139.908482290208,8745.121571560076,1.0756899440020788,-0.8368827104568481,-1930.9788,-0.15651657,43.30127018922193,3.695828,150,151.53676722288947,-3.5222144,2562.9545301693242,1741.8444,73.89417408602213,1719.9451,-100.84593586710908,1923.1238,4.9162154,10,150,0.2498094,9101.468,-0.83337727522516,9011.35,0.010430588998133317,150,50,0.18568833,9112.943,-0.53842616,-0.98968804,0.003648300000349991,-0.8558707916048395,1708.696
21700,2.395214080810547,3220.1434618573085,1708.3433,-0.9992218,430,1995.9681739420014,0.39856365200830624,4054.0662643410515,9728.451,4471.968,150.0,21700,0.7729476,-2.2018905,25.419027,17.129967,0.9999159,1.5926744,3575.1444212637416,15.967745391536008,0.004881508997641504,42,0.99394006,0.10502428,0.8170919,68.98968101375483,8185.3093488853965,3.4702248430112377,-0.7061417,4,-0.3615223,-108.45519756580553,64500,2.8486242,0.39623633,174,0.0,2.094111193000572,481.24935051819534,21.467623079048728,1704.1914,125.0,12.677764,495.9045165010858,1995.9681739420014,8188.113190100186,0.9677444019907853,0.22398105263710022,-1702.2972,-0.017005233,43.30127018922193,4.1425796,150,155.01156573591288,-3.8451383,3220.1434618573085,1444.3478,79.89743941513825,1424.0052,-106.66805970478198,1700.028,3.74364,10,150,0.23913936,6919.0605,-0.8971507723670037,6902.2017,0.0018018310074694455,150,50,0.10604787,6926.2075,17.697433,-0.97502416,0.003122256006463431,-0.9211246724212151,1407.1295
22200,2.264044761657715,2556.3001080736126,2062.7148,-0.9996308,440,4776.292094037797,0.4212636440061033,4003.7670153333797,36491.04,29831.986,150.0,22200,0.7274235,-2.5160131,25.465603,14.840581,0.9984275,1.6439741,4846.207455870444,38.210336752302375,0.006019929001922719,43,0.9902917,-0.20680444,0.8163942,115.38030695123625,8672.086814969773,3.507172346027801,-0.7621075,4,-0.38816124,-90.89098759473674,66000,2.6651864,0.4726584,178,0.0,2.072856918006437,605.3746667580921,17.042000720490748,2078.8167,125.0,12.594965,525.633768306154,4776.292094037797,9698.92221853188,1.0005411980091594,-0.2615392208099365,-2084.4111,-0.3126638,43.30127018922193,4.0458574,150,158.5232830649329,-3.2288194,2556.3001080736126,1750.7336,73.75893270230328,1723.8757,-94.00249931866229,2077.5166,4.320054,10,150,0.27113062,7373.227,-0.8191327777608424,7376.644,0.0022179319930728525,150,50,-0.32715523,7308.8438,-0.33717987,-0.9868426,0.004272725011105649,-0.8077280515494473,1708.5988
22700,2.2963967323303223,2417.9081992690694,1800.0775,-0.9997844,450,1988.9355452509299,0.46509351101121865,3814.0180434914596,93103.55,82395.52,150.0,22700,0.7950938,-2.5163934,25.31514,20.802351,0.99989,1.666358,3537.7025507306644,15.911484362007439,0.0029701029998250306,44,0.99622077,-0.046874054,0.82044625,68.11663491685819,8243.824076712044,3.618514107016381,-1.4586196,4,-0.49261788,-101.20965831747256,67500,3.0706704,0.23601735,182,0.0,2.07762509600434,480.01682914734414,16.119387995127127,1832.771,125.0,14.273221,491.1503099939435,1988.9355452509299,8116.174796831197,1.0648521539987996,-0.7654649615287781,-1844.427,-0.1453962,43.30127018922193,3.921199,150,162.14694108895492,-3.7784705,2417.9081992690694,1939.2738,69.40350443555464,1933.9192,-100.68144294349518,1831.774,4.9210486,10,150,0.26881593,12735.629,-0.7978217427800908,12768.456,0.002077591998386197,150,50,-0.0051723635,13171.415,0.0,-0.9878655,0.005895651003811508,-0.7991409440803632,1949.9307
23200,2.6172666549682617,3348.0630423705397,1966.6913,-0.9994542,460,2253.450092992091,0.4675400139967678,4192.014486765962,47865.82,41258.855,150.0,23200,0.77679604,-3.1317239,25.11476,12.599213,0.9995516,1.6863811,4005.841654016199,18.027600743936734,0.0030215500009944662,45,0.9911587,-0.035352837,0.8092546,77.94081983266611,8482.175827395105,3.6315269399929093,-1.0823642,4,-0.44359738,-94.79228494598644,69000,3.1103747,0.36340576,186,0.0,2.109050428000046,548.5662952073228,22.320420282470266,1981.5543,125.0,13.32151,512.7639956165843,2253.450092992091,9191.646701792408,1.045890502005932,-0.3221956193447113,-1985.1318,-0.0831373,43.30127018922193,4.0341682,150,165.78386208592565,-4.1647186,3348.0630423705397,1835.213,82.54690893913867,1810.2777,-95.9018479638796,1977.8158,4.33494,10,150,0.234916,11734.929,-0.8167288076089041,11661.369,0.002032592994510196,150,50,0.04598748,11987.556,-0.41346514,-0.9927027,0.003991852994658984,-0.8306906569674753,1804.1223
23700,2.8184385299682617,2326.5410261681327,1838.8967,-0.9995785,470,4082.191443192317,0.46100888898945414,3676.971175150454,4847.1914,1197.3591,150.0,23700,0.7425982,-2.6037169,25.09901,21.049387,0.9989909,1.6549963,4162.512204094736,32.65753154553853,0.0030643909994978458,46,0.98660064,0.13218726,0.81269866,95.66753568753448,7943.1604528226535,3.613169060990913,-0.9029235,4,-0.43733415,-101.3020020314527,70500,2.9657054,0.123084344,190,0.0,2.087671681001666,494.55887615639176,15.51027350778755,1831.7844,125.0,10.954989,476.79934121394047,4082.191443192317,8288.638305715485,1.0446349269914208,-0.4063664972782135,-1848.299,0.0005884457,43.30127018922193,3.413215,150,169.40216821190552,-3.1950111,2326.5410261681327,1515.6543,67.50487590285772,1507.2051,-99.89712630493219,1833.7445,4.3922486,10,150,0.18494323,9265.562,-0.801253405932216,9284.763,0.01234901900170371,150,50,0.08210026,9387.779,22.0682,-0.9864495,0.004440154007170349,-0.8127147885250212,1503.298
24200,2.7768020629882812,2305.172460817804,2018.5096,-0.9985559,480,2002.850979251772,0.47280446099466644,3636.358704868202,15777.304,8720.846,150.0,24200,0.62446785,-2.573005,24.79618,23.60042,0.99959266,1.6046218,3561.4548340792626,16.022807834014177,0.002863309986423701,47,0.9906674,0.17690572,0.7691955,69.44292108484211,7859.764033281247,3.6392551329772687,-0.8225788,4,-0.407798,-89.3080021318585,72000,3.4442458,0.23268414,194,0.0,2.103764518004027,493.524015918099,15.367816405452034,2023.2189,125.0,13.096602,476.72981283022233,2002.850979251772,8171.294817180751,1.0534372009860817,0.24495258927345276,-2016.8799,0.2835786,43.30127018922193,4.596644,150,173.0461207099288,-5.377431,2305.172460817804,1817.2675,67.20173113482038,1788.0099,-90.12320746182579,2015.3215,3.7601588,10,150,0.24837601,8180.604,-0.8040163699079252,8106.111,0.0021747830032836646,150,50,0.28102607,8171.1626,-0.76652986,-0.98937464,0.004210860002785921,-0.7922894465276745,1776.6681
24700,2.860887050628662,3426.5523616504315,2005.9468,-0.9978422,490,2304.1630538513537,0.47257202200125903,4302.949008226652,56087.277,48813.555,150.0,24700,0.7786294,-2.549642,24.746073,8.709353,0.99993354,1.6089668,4107.441047799652,18.433304430810832,0.0032084280101116747,48,0.9979162,0.10093587,0.80186677,81.15445839703072,8696.519420689348,3.6512109380128095,-0.8718564,4,-0.41532624,-110.38686049539194,73500,3.3734477,0.25652617,198,0.0,2.116002663009567,576.1637330685576,22.843682411002884,2013.8921,125.0,12.595417,519.8154048077678,2304.1630538513537,9418.283644404166,1.0528981649986235,0.05736405402421951,-2022.4471,-0.16594313,43.30127018922193,3.5639255,150,176.70243211396155,-4.3111396,3426.5523616504315,1859.0625,83.76227092572321,1828.3152,-110.13514785049149,2010.0856,3.9454224,10,150,0.21803184,10004.754,-0.8523706175884265,9926.392,0.002173043991206214,150,50,0.19127285,10070.733,-0.78534496,-0.98602986,0.0043566160020418465,-0.8586390124462774,1828.7372
25200,2.830127239227295,2301.483313719802,1990.8901,-0.99794436,500,3870.7170765610954,0.4660427369963145,3638.9568426888945,7857.809,3418.1162,150.0,25200,0.7488285,-2.2889128,24.414263,24.16662,0.99992025,1.5936948,3952.1570041499886,30.965736612488758,0.00299059999815654,49,0.9955681,0.28101826,0.7691307,90.53731686858625,7860.045607010279,3.616197306968388,-0.90514624,4,-0.41050628,-98.85803551679665,75000,3.3421075,0.24451676,202,0.0,2.086474225987331,464.4473898369146,15.343222091465352,1980.6897,125.0,13.988452,473.73928945569435,3870.7170765610954,7944.420346526961,1.0531031849968713,-0.21945787966251373,-1994.6761,0.20404491,43.30127018922193,3.7206054,150,180.32395310995344,-2.6401768,2301.483313719802,1757.929,66.86752342372205,1746.0247,-93.48037834331726,1983.6215,4.2109284,10,150,0.21453239,9135.765,-0.8617776518806327,9165.041,0.0026217499980702996,150,50,0.2425543,9286.086,23.430588,-0.9821525,0.0049648089916445315,-0.8167626176147147,1734.6356
